cve_entidad,desc_entidad,cve_municipio,desc_municipio,id_indicador,indicador,1990,1994,1995,1996,1997,1998,1999,2000,2001,2002,2003,2004,2005,2006,2007,2008,2009,2010,2011,2012,2013,2014,2015,2016,2017,2018,unidad_medida
31,Yucatán,0,Estatal,1002000013,Promedio de hijos nacidos vivos de las mujeres de 12 años y más,,,ND,,,,,2.51,,,,,2.37,,,,,2.23,,,,,,,,,Promedio
31,Yucatán,0,Estatal,1002000026,Nacimientos,,41207,40329,39228,37903,38099,37195,39975,38666,38006,38251,33855,35655,36576,37872,38562,38147,37703,36860,36427,38588,37579,37117,35381,35017,35158,Nacimientos
31,Yucatán,0,Estatal,1002000027,Nacimientos hombres,,20892,20624,19993,19310,19385,18868,20231,19738,19343,19366,17049,18126,18535,19123,19452,19277,19072,18672,18359,19700,18978,18780,18067,17917,17996,Nacimientos
31,Yucatán,0,Estatal,1002000028,Nacimientos mujeres,,20315,19705,19235,18593,18714,18327,19744,18928,18663,18883,16805,17522,18031,18749,19110,18870,18631,18187,18067,18888,18600,18336,17314,17100,17162,Nacimientos
31,Yucatán,0,Estatal,1002000029,Nacimientos de sexo no especificado,,0,0,0,0,0,0,0,0,0,2,1,7,10,0,0,0,0,1,1,0,1,1,0,0,0,Nacimientos
31,Yucatán,0,Estatal,6200205251,Promedio de hijos nacidos vivos de las mujeres de 12 años y más casada sólo religiosamente,,,,,,,,4.5,,,,,,,,,,3.9,,,,,,,,,Promedio
31,Yucatán,0,Estatal,6200205258,Promedio de hijos nacidos vivos de las mujeres de 12 años y más solteras,0.08,,,,,,,0.1,,,,,,,,,,0.1,,,,,0.157474,,,,Promedio
31,Yucatán,0,Estatal,6200205265,Promedio de hijos nacidos vivos de las mujeres de 12 años y más que no especificó estado conyugal,3.53,,,,,,,,,,,,,,,,,,,,,,1.243662,,,,Promedio
31,Yucatán,0,Estatal,6200205266,Promedio de hijos nacidos vivos de las mujeres de 12 años y más casada civil y religiosamente,,,,,,,,3.8,,,,,,,,,,3.4,,,,,,,,,Promedio
31,Yucatán,0,Estatal,6200205267,Promedio de hijos nacidos vivos de las mujeres de 12 años y más separadas,3.65,,,,,,,3.7,,,,,,,,,,3.1,,,,,,,,,Promedio
31,Yucatán,0,Estatal,6200205275,Promedio de hijos nacidos vivos de las mujeres de 12 años y más divorciadas,2.89,,,,,,,2.8,,,,,,,,,,2.6,,,,,,,,,Promedio
31,Yucatán,0,Estatal,6200205276,Promedio de hijos nacidos vivos de las mujeres de 12 años y más en unión libre,3.76,,,,,,,3.2,,,,,,,,,,2.4,,,,,,,,,Promedio
31,Yucatán,0,Estatal,6200205279,Promedio de hijos nacidos vivos de las mujeres de 12 años y más casada sólo por lo civil,,,,,,,,3.2,,,,,,,,,,2.7,,,,,,,,,Promedio
31,Yucatán,0,Estatal,6200205283,Promedio de hijos nacidos vivos de las mujeres de 12 años y más viudas,4.79,,,,,,,5.3,,,,,,,,,,5.1,,,,,,,,,Promedio
31,Yucatán,0,Estatal,6200205287,"Promedio de hijos nacidos vivos de las mujeres de 12 años y más viudas, divorciadas y separadas",,,,,,,,,,,,,,,,,,,,,,,3.830238,,,,Promedio
31,Yucatán,0,Estatal,6200240469,Relación de nacimientos mujeres - hombres,,97.2381772927436,95.5440263770365,96.2086730355624,96.2868979803211,96.5385607428424,97.1327114691541,97.5928031239187,95.8962407538758,96.4845163625084,97.5059382422803,98.5688310164819,96.667770054066,97.2808200701376,98.0442399205146,98.2418260333128,97.8886756238004,97.6877097315436,97.4025278491859,98.4094994280734,95.8781725888325,98,97.6,95.8321802180772,95.440084835631,95.3656368081796,Porcentaje
31,Yucatán,0,Estatal,6200240470,Porcentaje de nacimientos registrados de madres adolescentes (menores de 20 años),,15.7305012909826,14.8791766109785,14.5613945404355,14.1346026708978,14.31581165069,14.9973031283711,15.6,15.5,15.5,15.7,15.8,16.2,16.2,16.9,17.5,17.8,17.9,17.7,17.7,18.3,18.2,17.2,17.0286460551344,17.2421711300554,16.4008916323731,Porcentaje
31,Yucatán,0,Estatal,6205370865,Promedio de hijos nacidos vivos de las mujeres de 12 años y más casadas o unidas,,,,,,,,,,,,,,,,,,,,,,,2.842192,,,,Promedio
31,Yucatán,0,Estatal,6207019036,Promedio de hijos nacidos vivos de las mujeres de 15 a 49 años EI2015,,,,,,,,,,,,,,,,,,,,,,,1.5334621,,,,Promedio
31,Yucatán,001,Abalá,1002000013,Promedio de hijos nacidos vivos de las mujeres de 12 años y más,,,ND,,,,,3.09,,,,,2.7,,,,,2.66,,,,,,,,,Promedio
31,Yucatán,001,Abalá,1002000026,Nacimientos,,140,162,124,117,147,130,127,94,140,124,120,139,134,137,155,139,105,114,132,101,113,120,114,105,119,Nacimientos
31,Yucatán,001,Abalá,1002000027,Nacimientos hombres,,85,73,60,59,71,60,71,47,67,57,62,72,70,71,71,66,51,59,55,40,56,53,61,54,57,Nacimientos
31,Yucatán,001,Abalá,1002000028,Nacimientos mujeres,,55,89,64,58,76,70,56,47,73,67,58,67,64,66,84,73,54,55,77,61,57,67,53,51,62,Nacimientos
31,Yucatán,001,Abalá,1002000029,Nacimientos de sexo no especificado,,0,0,0,0,0,0,0,0,0,0,0,0,0,0,0,0,0,0,0,0,0,0,0,0,0,Nacimientos
31,Yucatán,001,Abalá,6207019036,Promedio de hijos nacidos vivos de las mujeres de 15 a 49 años EI2015,,,,,,,,,,,,,,,,,,,,,,,1.6731107,,,,Promedio
31,Yucatán,002,Acanceh,1002000013,Promedio de hijos nacidos vivos de las mujeres de 12 años y más,,,ND,,,,,2.58,,,,,2.53,,,,,2.29,,,,,,,,,Promedio
31,Yucatán,002,Acanceh,1002000026,Nacimientos,,297,298,288,285,278,268,317,306,309,346,264,318,274,338,316,281,278,259,269,308,221,267,232,249,215,Nacimientos
31,Yucatán,002,Acanceh,1002000027,Nacimientos hombres,,147,142,140,135,126,121,173,157,168,171,140,159,134,159,164,140,145,145,139,166,112,133,129,111,121,Nacimientos
31,Yucatán,002,Acanceh,1002000028,Nacimientos mujeres,,150,156,148,150,152,147,144,149,141,174,124,159,140,179,152,141,133,114,130,142,109,134,103,138,94,Nacimientos
31,Yucatán,002,Acanceh,1002000029,Nacimientos de sexo no especificado,,0,0,0,0,0,0,0,0,0,1,0,0,0,0,0,0,0,0,0,0,0,0,0,0,0,Nacimientos
31,Yucatán,002,Acanceh,6207019036,Promedio de hijos nacidos vivos de las mujeres de 15 a 49 años EI2015,,,,,,,,,,,,,,,,,,,,,,,1.5357302,,,,Promedio
31,Yucatán,003,Akil,1002000013,Promedio de hijos nacidos vivos de las mujeres de 12 años y más,,,ND,,,,,3.03,,,,,2.74,,,,,2.57,,,,,,,,,Promedio
31,Yucatán,003,Akil,1002000026,Nacimientos,,317,245,274,273,243,255,279,215,211,223,167,220,235,194,248,234,272,256,239,287,285,255,228,264,243,Nacimientos
31,Yucatán,003,Akil,1002000027,Nacimientos hombres,,166,127,140,136,128,117,150,118,112,119,102,115,120,88,137,125,132,121,123,139,136,145,115,152,118,Nacimientos
31,Yucatán,003,Akil,1002000028,Nacimientos mujeres,,151,118,134,137,115,138,129,97,99,104,65,105,115,106,111,109,140,135,116,148,149,110,113,112,125,Nacimientos
31,Yucatán,003,Akil,1002000029,Nacimientos de sexo no especificado,,0,0,0,0,0,0,0,0,0,0,0,0,0,0,0,0,0,0,0,0,0,0,0,0,0,Nacimientos
31,Yucatán,003,Akil,6207019036,Promedio de hijos nacidos vivos de las mujeres de 15 a 49 años EI2015,,,,,,,,,,,,,,,,,,,,,,,1.7769255,,,,Promedio
31,Yucatán,004,Baca,1002000013,Promedio de hijos nacidos vivos de las mujeres de 12 años y más,,,ND,,,,,2.77,,,,,2.68,,,,,2.49,,,,,,,,,Promedio
31,Yucatán,004,Baca,1002000026,Nacimientos,,109,112,87,84,107,81,100,114,123,105,125,107,106,113,105,101,83,103,80,86,77,87,70,80,84,Nacimientos
31,Yucatán,004,Baca,1002000027,Nacimientos hombres,,59,50,44,38,49,40,47,56,54,50,69,57,48,60,46,50,37,59,39,43,38,49,40,40,43,Nacimientos
31,Yucatán,004,Baca,1002000028,Nacimientos mujeres,,50,62,43,46,58,41,53,58,69,55,56,50,58,53,59,51,46,44,41,43,39,38,30,40,41,Nacimientos
31,Yucatán,004,Baca,1002000029,Nacimientos de sexo no especificado,,0,0,0,0,0,0,0,0,0,0,0,0,0,0,0,0,0,0,0,0,0,0,0,0,0,Nacimientos
31,Yucatán,004,Baca,6207019036,Promedio de hijos nacidos vivos de las mujeres de 15 a 49 años EI2015,,,,,,,,,,,,,,,,,,,,,,,1.4823129,,,,Promedio
31,Yucatán,005,Bokobá,1002000013,Promedio de hijos nacidos vivos de las mujeres de 12 años y más,,,ND,,,,,3.16,,,,,2.71,,,,,2.69,,,,,,,,,Promedio
31,Yucatán,005,Bokobá,1002000026,Nacimientos,,90,61,50,47,44,57,44,63,46,39,44,38,41,45,33,35,46,31,42,37,27,39,31,31,29,Nacimientos
31,Yucatán,005,Bokobá,1002000027,Nacimientos hombres,,42,34,32,25,22,26,28,34,22,17,18,18,21,23,19,21,31,13,16,18,12,29,14,15,16,Nacimientos
31,Yucatán,005,Bokobá,1002000028,Nacimientos mujeres,,48,27,18,22,22,31,16,29,24,22,26,20,20,22,14,14,15,18,26,19,15,10,17,16,13,Nacimientos
31,Yucatán,005,Bokobá,1002000029,Nacimientos de sexo no especificado,,0,0,0,0,0,0,0,0,0,0,0,0,0,0,0,0,0,0,0,0,0,0,0,0,0,Nacimientos
31,Yucatán,005,Bokobá,6207019036,Promedio de hijos nacidos vivos de las mujeres de 15 a 49 años EI2015,,,,,,,,,,,,,,,,,,,,,,,1.4584775,,,,Promedio
31,Yucatán,006,Buctzotz,1002000013,Promedio de hijos nacidos vivos de las mujeres de 12 años y más,,,ND,,,,,2.99,,,,,2.81,,,,,2.82,,,,,,,,,Promedio
31,Yucatán,006,Buctzotz,1002000026,Nacimientos,,251,227,233,205,239,214,206,207,195,202,170,156,137,164,189,141,169,185,169,164,172,151,151,156,177,Nacimientos
31,Yucatán,006,Buctzotz,1002000027,Nacimientos hombres,,127,110,114,107,125,110,107,107,111,105,88,85,68,77,85,69,76,92,95,80,94,81,89,89,81,Nacimientos
31,Yucatán,006,Buctzotz,1002000028,Nacimientos mujeres,,124,117,119,98,114,104,99,100,84,97,82,71,69,87,104,72,93,93,74,84,78,70,62,67,96,Nacimientos
31,Yucatán,006,Buctzotz,1002000029,Nacimientos de sexo no especificado,,0,0,0,0,0,0,0,0,0,0,0,0,0,0,0,0,0,0,0,0,0,0,0,0,0,Nacimientos
31,Yucatán,006,Buctzotz,6207019036,Promedio de hijos nacidos vivos de las mujeres de 15 a 49 años EI2015,,,,,,,,,,,,,,,,,,,,,,,1.7310848,,,,Promedio
31,Yucatán,007,Cacalchén,1002000013,Promedio de hijos nacidos vivos de las mujeres de 12 años y más,,,ND,,,,,2.71,,,,,2.56,,,,,2.32,,,,,,,,,Promedio
31,Yucatán,007,Cacalchén,1002000026,Nacimientos,,149,152,148,127,125,122,135,137,153,125,134,121,120,128,124,146,137,116,107,114,108,135,116,102,122,Nacimientos
31,Yucatán,007,Cacalchén,1002000027,Nacimientos hombres,,69,89,75,55,67,72,70,70,78,64,71,67,66,59,72,80,67,54,55,53,51,77,67,70,51,Nacimientos
31,Yucatán,007,Cacalchén,1002000028,Nacimientos mujeres,,80,63,73,72,58,50,65,67,75,61,63,54,54,69,52,66,70,62,52,61,57,58,49,32,71,Nacimientos
31,Yucatán,007,Cacalchén,1002000029,Nacimientos de sexo no especificado,,0,0,0,0,0,0,0,0,0,0,0,0,0,0,0,0,0,0,0,0,0,0,0,0,0,Nacimientos
31,Yucatán,007,Cacalchén,6207019036,Promedio de hijos nacidos vivos de las mujeres de 15 a 49 años EI2015,,,,,,,,,,,,,,,,,,,,,,,1.5524172,,,,Promedio
31,Yucatán,008,Calotmul,1002000013,Promedio de hijos nacidos vivos de las mujeres de 12 años y más,,,ND,,,,,3.32,,,,,3,,,,,2.87,,,,,,,,,Promedio
31,Yucatán,008,Calotmul,1002000026,Nacimientos,,115,98,99,107,81,80,105,88,78,88,85,59,73,85,74,64,90,99,61,81,78,77,72,83,80,Nacimientos
31,Yucatán,008,Calotmul,1002000027,Nacimientos hombres,,55,55,47,50,32,37,63,39,42,47,38,29,36,45,34,31,37,48,29,42,48,40,36,44,42,Nacimientos
31,Yucatán,008,Calotmul,1002000028,Nacimientos mujeres,,60,43,52,57,49,43,42,49,36,41,47,30,37,40,40,33,53,51,32,39,30,37,36,39,38,Nacimientos
31,Yucatán,008,Calotmul,1002000029,Nacimientos de sexo no especificado,,0,0,0,0,0,0,0,0,0,0,0,0,0,0,0,0,0,0,0,0,0,0,0,0,0,Nacimientos
31,Yucatán,008,Calotmul,6207019036,Promedio de hijos nacidos vivos de las mujeres de 15 a 49 años EI2015,,,,,,,,,,,,,,,,,,,,,,,1.72148,,,,Promedio
31,Yucatán,009,Cansahcab,1002000013,Promedio de hijos nacidos vivos de las mujeres de 12 años y más,,,ND,,,,,2.87,,,,,2.65,,,,,2.65,,,,,,,,,Promedio
31,Yucatán,009,Cansahcab,1002000026,Nacimientos,,122,108,101,91,93,102,100,98,95,98,77,69,83,76,82,97,75,75,85,61,67,73,67,68,68,Nacimientos
31,Yucatán,009,Cansahcab,1002000027,Nacimientos hombres,,59,61,60,42,51,43,58,54,44,54,37,36,42,42,42,46,39,30,43,30,37,32,39,35,27,Nacimientos
31,Yucatán,009,Cansahcab,1002000028,Nacimientos mujeres,,63,47,41,49,42,59,42,44,51,44,40,33,41,34,40,51,36,45,42,31,30,41,28,33,41,Nacimientos
31,Yucatán,009,Cansahcab,1002000029,Nacimientos de sexo no especificado,,0,0,0,0,0,0,0,0,0,0,0,0,0,0,0,0,0,0,0,0,0,0,0,0,0,Nacimientos
31,Yucatán,009,Cansahcab,6207019036,Promedio de hijos nacidos vivos de las mujeres de 15 a 49 años EI2015,,,,,,,,,,,,,,,,,,,,,,,1.5036496,,,,Promedio
31,Yucatán,010,Cantamayec,1002000013,Promedio de hijos nacidos vivos de las mujeres de 12 años y más,,,ND,,,,,3.33,,,,,3.12,,,,,2.99,,,,,,,,,Promedio
31,Yucatán,010,Cantamayec,1002000026,Nacimientos,,58,80,53,68,56,63,70,54,58,52,57,43,42,62,51,64,44,66,68,69,69,71,81,69,63,Nacimientos
31,Yucatán,010,Cantamayec,1002000027,Nacimientos hombres,,32,48,27,35,24,28,39,26,32,31,35,21,20,34,23,35,27,35,39,39,32,35,38,31,38,Nacimientos
31,Yucatán,010,Cantamayec,1002000028,Nacimientos mujeres,,26,32,26,33,32,35,31,28,26,21,22,22,22,28,28,29,17,31,29,30,37,36,43,38,25,Nacimientos
31,Yucatán,010,Cantamayec,1002000029,Nacimientos de sexo no especificado,,0,0,0,0,0,0,0,0,0,0,0,0,0,0,0,0,0,0,0,0,0,0,0,0,0,Nacimientos
31,Yucatán,010,Cantamayec,6207019036,Promedio de hijos nacidos vivos de las mujeres de 15 a 49 años EI2015,,,,,,,,,,,,,,,,,,,,,,,2.1032787,,,,Promedio
31,Yucatán,011,Celestún,1002000013,Promedio de hijos nacidos vivos de las mujeres de 12 años y más,,,ND,,,,,2.74,,,,,2.48,,,,,2.36,,,,,,,,,Promedio
31,Yucatán,011,Celestún,1002000026,Nacimientos,,139,146,147,139,165,139,158,118,137,145,134,130,131,146,155,147,181,168,170,182,158,153,173,155,145,Nacimientos
31,Yucatán,011,Celestún,1002000027,Nacimientos hombres,,69,70,73,66,78,72,79,54,67,65,72,64,77,71,77,81,91,94,92,99,82,75,80,76,69,Nacimientos
31,Yucatán,011,Celestún,1002000028,Nacimientos mujeres,,70,76,74,73,87,67,79,64,70,80,62,66,54,75,78,66,90,74,78,83,76,78,93,79,76,Nacimientos
31,Yucatán,011,Celestún,1002000029,Nacimientos de sexo no especificado,,0,0,0,0,0,0,0,0,0,0,0,0,0,0,0,0,0,0,0,0,0,0,0,0,0,Nacimientos
31,Yucatán,011,Celestún,6207019036,Promedio de hijos nacidos vivos de las mujeres de 15 a 49 años EI2015,,,,,,,,,,,,,,,,,,,,,,,1.9018492,,,,Promedio
31,Yucatán,012,Cenotillo,1002000013,Promedio de hijos nacidos vivos de las mujeres de 12 años y más,,,ND,,,,,2.84,,,,,2.79,,,,,2.86,,,,,,,,,Promedio
31,Yucatán,012,Cenotillo,1002000026,Nacimientos,,74,93,78,87,66,58,56,62,53,67,72,64,71,69,63,80,75,90,80,69,63,72,49,64,56,Nacimientos
31,Yucatán,012,Cenotillo,1002000027,Nacimientos hombres,,31,46,34,37,31,24,28,32,31,30,28,26,35,36,37,42,35,49,42,32,31,32,26,32,32,Nacimientos
31,Yucatán,012,Cenotillo,1002000028,Nacimientos mujeres,,43,47,44,50,35,34,28,30,22,37,44,38,36,33,26,38,40,41,38,37,32,40,23,32,24,Nacimientos
31,Yucatán,012,Cenotillo,1002000029,Nacimientos de sexo no especificado,,0,0,0,0,0,0,0,0,0,0,0,0,0,0,0,0,0,0,0,0,0,0,0,0,0,Nacimientos
31,Yucatán,012,Cenotillo,6207019036,Promedio de hijos nacidos vivos de las mujeres de 15 a 49 años EI2015,,,,,,,,,,,,,,,,,,,,,,,1.6830601,,,,Promedio
31,Yucatán,013,Conkal,1002000013,Promedio de hijos nacidos vivos de las mujeres de 12 años y más,,,ND,,,,,2.58,,,,,2.33,,,,,2.22,,,,,,,,,Promedio
31,Yucatán,013,Conkal,1002000026,Nacimientos,,160,170,166,149,150,147,139,175,168,176,145,166,191,155,167,146,160,168,151,182,208,209,192,172,214,Nacimientos
31,Yucatán,013,Conkal,1002000027,Nacimientos hombres,,77,99,83,79,78,66,66,87,84,98,73,89,93,98,81,74,76,95,74,94,97,100,104,89,114,Nacimientos
31,Yucatán,013,Conkal,1002000028,Nacimientos mujeres,,83,71,83,70,72,81,73,88,84,78,72,77,98,57,86,72,84,73,77,88,111,109,88,83,100,Nacimientos
31,Yucatán,013,Conkal,1002000029,Nacimientos de sexo no especificado,,0,0,0,0,0,0,0,0,0,0,0,0,0,0,0,0,0,0,0,0,0,0,0,0,0,Nacimientos
31,Yucatán,013,Conkal,6207019036,Promedio de hijos nacidos vivos de las mujeres de 15 a 49 años EI2015,,,,,,,,,,,,,,,,,,,,,,,1.4408069,,,,Promedio
31,Yucatán,014,Cuncunul,1002000013,Promedio de hijos nacidos vivos de las mujeres de 12 años y más,,,ND,,,,,2.8,,,,,2.69,,,,,2.67,,,,,,,,,Promedio
31,Yucatán,014,Cuncunul,1002000026,Nacimientos,,34,34,32,43,38,31,47,31,34,36,32,27,26,43,24,24,24,42,23,43,23,36,32,32,31,Nacimientos
31,Yucatán,014,Cuncunul,1002000027,Nacimientos hombres,,19,13,18,18,24,15,24,14,17,15,19,11,16,21,13,15,9,30,10,21,11,17,17,26,14,Nacimientos
31,Yucatán,014,Cuncunul,1002000028,Nacimientos mujeres,,15,21,14,25,14,16,23,17,17,21,13,16,10,22,11,9,15,12,13,22,12,19,15,6,17,Nacimientos
31,Yucatán,014,Cuncunul,1002000029,Nacimientos de sexo no especificado,,0,0,0,0,0,0,0,0,0,0,0,0,0,0,0,0,0,0,0,0,0,0,0,0,0,Nacimientos
31,Yucatán,014,Cuncunul,6207019036,Promedio de hijos nacidos vivos de las mujeres de 15 a 49 años EI2015,,,,,,,,,,,,,,,,,,,,,,,1.6658477,,,,Promedio
31,Yucatán,015,Cuzamá,1002000013,Promedio de hijos nacidos vivos de las mujeres de 12 años y más,,,ND,,,,,3,,,,,2.96,,,,,2.67,,,,,,,,,Promedio
31,Yucatán,015,Cuzamá,1002000026,Nacimientos,,136,111,124,119,105,110,108,114,111,103,90,70,94,86,105,96,89,101,94,105,102,94,91,84,81,Nacimientos
31,Yucatán,015,Cuzamá,1002000027,Nacimientos hombres,,69,56,63,69,53,49,51,65,55,56,47,41,43,44,47,44,46,45,44,56,49,53,47,41,41,Nacimientos
31,Yucatán,015,Cuzamá,1002000028,Nacimientos mujeres,,67,55,61,50,52,61,57,49,56,47,43,29,51,42,58,52,43,56,50,49,53,41,44,43,40,Nacimientos
31,Yucatán,015,Cuzamá,1002000029,Nacimientos de sexo no especificado,,0,0,0,0,0,0,0,0,0,0,0,0,0,0,0,0,0,0,0,0,0,0,0,0,0,Nacimientos
31,Yucatán,015,Cuzamá,6207019036,Promedio de hijos nacidos vivos de las mujeres de 15 a 49 años EI2015,,,,,,,,,,,,,,,,,,,,,,,1.7165468,,,,Promedio
31,Yucatán,016,Chacsinkín,1002000013,Promedio de hijos nacidos vivos de las mujeres de 12 años y más,,,ND,,,,,3.19,,,,,3.05,,,,,2.83,,,,,,,,,Promedio
31,Yucatán,016,Chacsinkín,1002000026,Nacimientos,,84,70,72,59,66,65,78,76,81,80,61,76,57,74,70,71,87,77,78,64,57,59,48,62,61,Nacimientos
31,Yucatán,016,Chacsinkín,1002000027,Nacimientos hombres,,41,29,39,28,31,35,33,39,36,46,26,37,22,42,33,26,47,45,45,36,34,26,24,29,29,Nacimientos
31,Yucatán,016,Chacsinkín,1002000028,Nacimientos mujeres,,43,41,33,31,35,30,45,37,45,34,35,39,35,32,37,45,40,32,33,28,23,33,24,33,32,Nacimientos
31,Yucatán,016,Chacsinkín,1002000029,Nacimientos de sexo no especificado,,0,0,0,0,0,0,0,0,0,0,0,0,0,0,0,0,0,0,0,0,0,0,0,0,0,Nacimientos
31,Yucatán,016,Chacsinkín,6207019036,Promedio de hijos nacidos vivos de las mujeres de 15 a 49 años EI2015,,,,,,,,,,,,,,,,,,,,,,,2.0911528,,,,Promedio
31,Yucatán,017,Chankom,1002000013,Promedio de hijos nacidos vivos de las mujeres de 12 años y más,,,ND,,,,,3.28,,,,,2.97,,,,,2.88,,,,,,,,,Promedio
31,Yucatán,017,Chankom,1002000026,Nacimientos,,137,152,127,116,109,132,119,102,121,94,103,111,99,109,106,120,87,103,94,103,78,68,83,75,108,Nacimientos
31,Yucatán,017,Chankom,1002000027,Nacimientos hombres,,58,89,71,58,55,69,64,54,66,48,45,57,46,56,55,67,38,50,42,59,40,39,39,36,60,Nacimientos
31,Yucatán,017,Chankom,1002000028,Nacimientos mujeres,,79,63,56,58,54,63,55,48,55,46,58,54,53,53,51,53,49,53,52,44,38,29,44,39,48,Nacimientos
31,Yucatán,017,Chankom,1002000029,Nacimientos de sexo no especificado,,0,0,0,0,0,0,0,0,0,0,0,0,0,0,0,0,0,0,0,0,0,0,0,0,0,Nacimientos
31,Yucatán,017,Chankom,6207019036,Promedio de hijos nacidos vivos de las mujeres de 15 a 49 años EI2015,,,,,,,,,,,,,,,,,,,,,,,1.9252925,,,,Promedio
31,Yucatán,018,Chapab,1002000013,Promedio de hijos nacidos vivos de las mujeres de 12 años y más,,,ND,,,,,3.23,,,,,2.9,,,,,2.78,,,,,,,,,Promedio
31,Yucatán,018,Chapab,1002000026,Nacimientos,,66,67,76,63,71,81,74,62,63,52,59,52,38,50,58,64,60,54,59,61,46,71,58,50,53,Nacimientos
31,Yucatán,018,Chapab,1002000027,Nacimientos hombres,,34,34,38,27,38,40,37,26,34,30,27,28,22,22,29,40,31,24,26,34,24,33,31,26,27,Nacimientos
31,Yucatán,018,Chapab,1002000028,Nacimientos mujeres,,32,33,38,36,33,41,37,36,29,22,32,24,16,28,29,24,29,30,33,27,22,38,27,24,26,Nacimientos
31,Yucatán,018,Chapab,1002000029,Nacimientos de sexo no especificado,,0,0,0,0,0,0,0,0,0,0,0,0,0,0,0,0,0,0,0,0,0,0,0,0,0,Nacimientos
31,Yucatán,018,Chapab,6207019036,Promedio de hijos nacidos vivos de las mujeres de 15 a 49 años EI2015,,,,,,,,,,,,,,,,,,,,,,,1.6626651,,,,Promedio
31,Yucatán,019,Chemax,1002000013,Promedio de hijos nacidos vivos de las mujeres de 12 años y más,,,ND,,,,,3.2,,,,,3.16,,,,,2.89,,,,,,,,,Promedio
31,Yucatán,019,Chemax,1002000026,Nacimientos,,879,810,838,840,911,907,1061,992,1012,986,906,970,938,1095,940,1141,1053,963,936,990,857,830,832,841,919,Nacimientos
31,Yucatán,019,Chemax,1002000027,Nacimientos hombres,,443,392,443,421,471,446,545,513,489,484,439,511,491,539,474,576,547,464,480,489,430,414,437,432,469,Nacimientos
31,Yucatán,019,Chemax,1002000028,Nacimientos mujeres,,436,418,395,419,440,461,516,479,523,502,467,459,447,556,466,565,506,499,456,501,427,416,395,409,450,Nacimientos
31,Yucatán,019,Chemax,1002000029,Nacimientos de sexo no especificado,,0,0,0,0,0,0,0,0,0,0,0,0,0,0,0,0,0,0,0,0,0,0,0,0,0,Nacimientos
31,Yucatán,019,Chemax,6207019036,Promedio de hijos nacidos vivos de las mujeres de 15 a 49 años EI2015,,,,,,,,,,,,,,,,,,,,,,,2.2879447,,,,Promedio
31,Yucatán,020,Chicxulub Pueblo,1002000013,Promedio de hijos nacidos vivos de las mujeres de 12 años y más,,,ND,,,,,2.76,,,,,2.56,,,,,2.35,,,,,,,,,Promedio
31,Yucatán,020,Chicxulub Pueblo,1002000026,Nacimientos,,98,88,91,76,82,89,108,99,73,85,82,81,65,80,87,96,86,84,84,75,72,80,63,81,77,Nacimientos
31,Yucatán,020,Chicxulub Pueblo,1002000027,Nacimientos hombres,,47,45,53,36,44,37,54,55,33,43,42,39,30,33,41,51,39,50,39,41,42,45,29,42,42,Nacimientos
31,Yucatán,020,Chicxulub Pueblo,1002000028,Nacimientos mujeres,,51,43,38,40,38,52,54,44,40,42,40,42,35,47,46,45,47,34,45,34,30,35,34,39,35,Nacimientos
31,Yucatán,020,Chicxulub Pueblo,1002000029,Nacimientos de sexo no especificado,,0,0,0,0,0,0,0,0,0,0,0,0,0,0,0,0,0,0,0,0,0,0,0,0,0,Nacimientos
31,Yucatán,020,Chicxulub Pueblo,6207019036,Promedio de hijos nacidos vivos de las mujeres de 15 a 49 años EI2015,,,,,,,,,,,,,,,,,,,,,,,1.5376884,,,,Promedio
31,Yucatán,021,Chichimilá,1002000013,Promedio de hijos nacidos vivos de las mujeres de 12 años y más,,,ND,,,,,3.1,,,,,2.87,,,,,2.81,,,,,,,,,Promedio
31,Yucatán,021,Chichimilá,1002000026,Nacimientos,,183,241,217,180,230,200,256,216,255,257,196,222,218,258,247,259,227,240,199,224,222,189,192,201,257,Nacimientos
31,Yucatán,021,Chichimilá,1002000027,Nacimientos hombres,,85,106,123,103,107,104,135,107,135,145,93,113,118,128,133,138,109,128,96,115,128,101,98,105,135,Nacimientos
31,Yucatán,021,Chichimilá,1002000028,Nacimientos mujeres,,98,135,94,77,123,96,121,109,120,112,103,109,100,130,114,121,118,112,103,109,94,88,94,96,122,Nacimientos
31,Yucatán,021,Chichimilá,1002000029,Nacimientos de sexo no especificado,,0,0,0,0,0,0,0,0,0,0,0,0,0,0,0,0,0,0,0,0,0,0,0,0,0,Nacimientos
31,Yucatán,021,Chichimilá,6207019036,Promedio de hijos nacidos vivos de las mujeres de 15 a 49 años EI2015,,,,,,,,,,,,,,,,,,,,,,,2.1541562,,,,Promedio
31,Yucatán,022,Chikindzonot,1002000013,Promedio de hijos nacidos vivos de las mujeres de 12 años y más,,,ND,,,,,3.25,,,,,3.36,,,,,2.94,,,,,,,,,Promedio
31,Yucatán,022,Chikindzonot,1002000026,Nacimientos,,122,109,113,106,97,108,120,123,120,108,104,105,115,104,100,92,89,76,93,94,91,81,79,91,102,Nacimientos
31,Yucatán,022,Chikindzonot,1002000027,Nacimientos hombres,,62,50,64,47,45,68,52,57,73,59,49,59,55,49,50,43,49,35,48,39,41,40,36,39,53,Nacimientos
31,Yucatán,022,Chikindzonot,1002000028,Nacimientos mujeres,,60,59,49,59,52,40,68,66,47,49,55,46,60,55,50,49,40,41,45,55,50,41,43,52,49,Nacimientos
31,Yucatán,022,Chikindzonot,1002000029,Nacimientos de sexo no especificado,,0,0,0,0,0,0,0,0,0,0,0,0,0,0,0,0,0,0,0,0,0,0,0,0,0,Nacimientos
31,Yucatán,022,Chikindzonot,6207019036,Promedio de hijos nacidos vivos de las mujeres de 15 a 49 años EI2015,,,,,,,,,,,,,,,,,,,,,,,2.1780822,,,,Promedio
31,Yucatán,023,Chocholá,1002000013,Promedio de hijos nacidos vivos de las mujeres de 12 años y más,,,ND,,,,,2.89,,,,,2.71,,,,,2.48,,,,,,,,,Promedio
31,Yucatán,023,Chocholá,1002000026,Nacimientos,,109,88,85,108,95,91,91,84,86,98,107,84,83,79,72,86,77,76,75,69,77,75,71,80,68,Nacimientos
31,Yucatán,023,Chocholá,1002000027,Nacimientos hombres,,55,40,52,63,55,47,51,45,43,51,53,43,44,45,31,38,35,46,40,34,39,45,43,50,35,Nacimientos
31,Yucatán,023,Chocholá,1002000028,Nacimientos mujeres,,54,48,33,45,40,44,40,39,43,47,54,41,39,34,41,48,42,30,35,35,38,30,28,30,33,Nacimientos
31,Yucatán,023,Chocholá,1002000029,Nacimientos de sexo no especificado,,0,0,0,0,0,0,0,0,0,0,0,0,0,0,0,0,0,0,0,0,0,0,0,0,0,Nacimientos
31,Yucatán,023,Chocholá,6207019036,Promedio de hijos nacidos vivos de las mujeres de 15 a 49 años EI2015,,,,,,,,,,,,,,,,,,,,,,,1.5974131,,,,Promedio
31,Yucatán,024,Chumayel,1002000013,Promedio de hijos nacidos vivos de las mujeres de 12 años y más,,,ND,,,,,3.12,,,,,2.69,,,,,2.75,,,,,,,,,Promedio
31,Yucatán,024,Chumayel,1002000026,Nacimientos,,73,68,69,73,97,66,87,58,69,58,76,63,55,89,72,74,57,60,59,61,38,65,42,50,54,Nacimientos
31,Yucatán,024,Chumayel,1002000027,Nacimientos hombres,,32,37,34,32,44,34,36,35,30,27,38,30,30,49,38,36,24,30,34,28,16,30,17,21,23,Nacimientos
31,Yucatán,024,Chumayel,1002000028,Nacimientos mujeres,,41,31,35,41,53,32,51,23,39,31,38,33,25,40,34,38,33,30,25,33,22,35,25,29,31,Nacimientos
31,Yucatán,024,Chumayel,1002000029,Nacimientos de sexo no especificado,,0,0,0,0,0,0,0,0,0,0,0,0,0,0,0,0,0,0,0,0,0,0,0,0,0,Nacimientos
31,Yucatán,024,Chumayel,6207019036,Promedio de hijos nacidos vivos de las mujeres de 15 a 49 años EI2015,,,,,,,,,,,,,,,,,,,,,,,1.6441648,,,,Promedio
31,Yucatán,025,Dzán,1002000013,Promedio de hijos nacidos vivos de las mujeres de 12 años y más,,,ND,,,,,2.84,,,,,2.57,,,,,2.51,,,,,,,,,Promedio
31,Yucatán,025,Dzán,1002000026,Nacimientos,,118,115,109,95,108,97,97,86,75,104,97,43,85,91,114,123,104,111,116,129,122,128,106,104,136,Nacimientos
31,Yucatán,025,Dzán,1002000027,Nacimientos hombres,,63,66,56,49,52,46,48,46,40,46,61,23,35,42,56,67,48,55,62,60,57,63,43,52,62,Nacimientos
31,Yucatán,025,Dzán,1002000028,Nacimientos mujeres,,55,49,53,46,56,51,49,40,35,58,36,20,50,49,58,56,56,56,54,69,65,65,63,52,74,Nacimientos
31,Yucatán,025,Dzán,1002000029,Nacimientos de sexo no especificado,,0,0,0,0,0,0,0,0,0,0,0,0,0,0,0,0,0,0,0,0,0,0,0,0,0,Nacimientos
31,Yucatán,025,Dzán,6207019036,Promedio de hijos nacidos vivos de las mujeres de 15 a 49 años EI2015,,,,,,,,,,,,,,,,,,,,,,,1.6793517,,,,Promedio
31,Yucatán,026,Dzemul,1002000013,Promedio de hijos nacidos vivos de las mujeres de 12 años y más,,,ND,,,,,2.9,,,,,2.58,,,,,2.38,,,,,,,,,Promedio
31,Yucatán,026,Dzemul,1002000026,Nacimientos,,60,88,58,58,57,46,63,51,53,56,54,47,58,52,55,45,51,54,51,55,52,44,51,41,51,Nacimientos
31,Yucatán,026,Dzemul,1002000027,Nacimientos hombres,,39,42,28,37,27,19,35,32,21,24,31,24,30,18,29,22,28,24,22,25,26,29,22,22,21,Nacimientos
31,Yucatán,026,Dzemul,1002000028,Nacimientos mujeres,,21,46,30,21,30,27,28,19,32,32,23,23,28,34,26,23,23,30,29,30,26,15,29,19,30,Nacimientos
31,Yucatán,026,Dzemul,1002000029,Nacimientos de sexo no especificado,,0,0,0,0,0,0,0,0,0,0,0,0,0,0,0,0,0,0,0,0,0,0,0,0,0,Nacimientos
31,Yucatán,026,Dzemul,6207019036,Promedio de hijos nacidos vivos de las mujeres de 15 a 49 años EI2015,,,,,,,,,,,,,,,,,,,,,,,1.4469453,,,,Promedio
31,Yucatán,027,Dzidzantún,1002000013,Promedio de hijos nacidos vivos de las mujeres de 12 años y más,,,ND,,,,,2.72,,,,,2.47,,,,,2.33,,,,,,,,,Promedio
31,Yucatán,027,Dzidzantún,1002000026,Nacimientos,,193,179,188,151,149,164,156,174,112,137,139,142,115,122,132,144,127,115,108,111,115,116,107,90,107,Nacimientos
31,Yucatán,027,Dzidzantún,1002000027,Nacimientos hombres,,115,76,95,68,75,87,81,99,54,63,78,76,58,58,68,80,65,59,56,61,57,66,53,47,64,Nacimientos
31,Yucatán,027,Dzidzantún,1002000028,Nacimientos mujeres,,78,103,93,83,74,77,75,75,58,74,61,66,57,64,64,64,62,56,52,50,58,50,54,43,43,Nacimientos
31,Yucatán,027,Dzidzantún,1002000029,Nacimientos de sexo no especificado,,0,0,0,0,0,0,0,0,0,0,0,0,0,0,0,0,0,0,0,0,0,0,0,0,0,Nacimientos
31,Yucatán,027,Dzidzantún,6207019036,Promedio de hijos nacidos vivos de las mujeres de 15 a 49 años EI2015,,,,,,,,,,,,,,,,,,,,,,,1.5135266,,,,Promedio
31,Yucatán,028,Dzilam de Bravo,1002000013,Promedio de hijos nacidos vivos de las mujeres de 12 años y más,,,ND,,,,,2.69,,,,,2.46,,,,,2.33,,,,,,,,,Promedio
31,Yucatán,028,Dzilam de Bravo,1002000026,Nacimientos,,46,66,58,55,68,51,62,57,57,30,40,30,37,42,40,41,42,45,41,48,56,58,55,54,42,Nacimientos
31,Yucatán,028,Dzilam de Bravo,1002000027,Nacimientos hombres,,21,34,29,28,32,27,38,29,29,18,14,17,17,21,22,23,19,20,17,23,24,29,29,30,25,Nacimientos
31,Yucatán,028,Dzilam de Bravo,1002000028,Nacimientos mujeres,,25,32,29,27,36,24,24,28,28,12,26,13,20,21,18,18,23,25,24,25,32,29,26,24,17,Nacimientos
31,Yucatán,028,Dzilam de Bravo,1002000029,Nacimientos de sexo no especificado,,0,0,0,0,0,0,0,0,0,0,0,0,0,0,0,0,0,0,0,0,0,0,0,0,0,Nacimientos
31,Yucatán,028,Dzilam de Bravo,6207019036,Promedio de hijos nacidos vivos de las mujeres de 15 a 49 años EI2015,,,,,,,,,,,,,,,,,,,,,,,1.6642857,,,,Promedio
31,Yucatán,029,Dzilam González,1002000013,Promedio de hijos nacidos vivos de las mujeres de 12 años y más,,,ND,,,,,2.72,,,,,2.66,,,,,2.5,,,,,,,,,Promedio
31,Yucatán,029,Dzilam González,1002000026,Nacimientos,,131,133,138,150,119,132,130,122,117,123,100,111,115,114,107,106,109,95,98,101,77,102,78,86,80,Nacimientos
31,Yucatán,029,Dzilam González,1002000027,Nacimientos hombres,,73,75,65,77,61,68,61,56,51,58,46,69,58,59,53,51,53,49,44,50,40,56,41,51,44,Nacimientos
31,Yucatán,029,Dzilam González,1002000028,Nacimientos mujeres,,58,58,73,73,58,64,69,66,66,65,54,42,57,55,54,55,56,46,54,51,37,46,37,35,36,Nacimientos
31,Yucatán,029,Dzilam González,1002000029,Nacimientos de sexo no especificado,,0,0,0,0,0,0,0,0,0,0,0,0,0,0,0,0,0,0,0,0,0,0,0,0,0,Nacimientos
31,Yucatán,029,Dzilam González,6207019036,Promedio de hijos nacidos vivos de las mujeres de 15 a 49 años EI2015,,,,,,,,,,,,,,,,,,,,,,,1.6054197,,,,Promedio
31,Yucatán,030,Dzitás,1002000013,Promedio de hijos nacidos vivos de las mujeres de 12 años y más,,,ND,,,,,3.18,,,,,2.98,,,,,2.9,,,,,,,,,Promedio
31,Yucatán,030,Dzitás,1002000026,Nacimientos,,130,98,96,90,95,67,79,109,87,92,86,113,87,96,91,80,94,87,91,94,96,93,75,71,69,Nacimientos
31,Yucatán,030,Dzitás,1002000027,Nacimientos hombres,,55,56,49,49,51,38,46,56,41,36,37,65,48,49,47,39,51,50,39,53,49,49,37,52,40,Nacimientos
31,Yucatán,030,Dzitás,1002000028,Nacimientos mujeres,,75,42,47,41,44,29,33,53,46,56,49,48,39,47,44,41,43,37,52,41,47,44,38,19,29,Nacimientos
31,Yucatán,030,Dzitás,1002000029,Nacimientos de sexo no especificado,,0,0,0,0,0,0,0,0,0,0,0,0,0,0,0,0,0,0,0,0,0,0,0,0,0,Nacimientos
31,Yucatán,030,Dzitás,6207019036,Promedio de hijos nacidos vivos de las mujeres de 15 a 49 años EI2015,,,,,,,,,,,,,,,,,,,,,,,1.9026846,,,,Promedio
31,Yucatán,031,Dzoncauich,1002000013,Promedio de hijos nacidos vivos de las mujeres de 12 años y más,,,ND,,,,,3.22,,,,,2.94,,,,,3.11,,,,,,,,,Promedio
31,Yucatán,031,Dzoncauich,1002000026,Nacimientos,,78,62,83,47,50,47,59,68,51,61,61,51,55,56,53,53,35,35,51,48,43,49,51,43,47,Nacimientos
31,Yucatán,031,Dzoncauich,1002000027,Nacimientos hombres,,46,29,43,17,26,21,25,43,30,31,33,25,33,24,30,25,17,11,25,25,27,22,24,19,24,Nacimientos
31,Yucatán,031,Dzoncauich,1002000028,Nacimientos mujeres,,32,33,40,30,24,26,34,25,21,30,28,26,22,32,23,28,18,24,26,23,16,27,27,24,23,Nacimientos
31,Yucatán,031,Dzoncauich,1002000029,Nacimientos de sexo no especificado,,0,0,0,0,0,0,0,0,0,0,0,0,0,0,0,0,0,0,0,0,0,0,0,0,0,Nacimientos
31,Yucatán,031,Dzoncauich,6207019036,Promedio de hijos nacidos vivos de las mujeres de 15 a 49 años EI2015,,,,,,,,,,,,,,,,,,,,,,,1.5889764,,,,Promedio
31,Yucatán,032,Espita,1002000013,Promedio de hijos nacidos vivos de las mujeres de 12 años y más,,,ND,,,,,3.05,,,,,2.99,,,,,2.77,,,,,,,,,Promedio
31,Yucatán,032,Espita,1002000026,Nacimientos,,418,394,345,397,404,367,433,435,434,427,390,372,397,351,355,346,324,311,270,335,330,342,336,265,319,Nacimientos
31,Yucatán,032,Espita,1002000027,Nacimientos hombres,,225,199,170,204,209,186,238,225,213,232,188,207,211,168,193,182,164,173,127,168,180,178,182,128,175,Nacimientos
31,Yucatán,032,Espita,1002000028,Nacimientos mujeres,,193,195,175,193,195,181,195,210,221,195,202,165,186,183,162,164,160,138,143,167,150,164,154,137,144,Nacimientos
31,Yucatán,032,Espita,1002000029,Nacimientos de sexo no especificado,,0,0,0,0,0,0,0,0,0,0,0,0,0,0,0,0,0,0,0,0,0,0,0,0,0,Nacimientos
31,Yucatán,032,Espita,6207019036,Promedio de hijos nacidos vivos de las mujeres de 15 a 49 años EI2015,,,,,,,,,,,,,,,,,,,,,,,1.9504527,,,,Promedio
31,Yucatán,033,Halachó,1002000013,Promedio de hijos nacidos vivos de las mujeres de 12 años y más,,,ND,,,,,2.8,,,,,2.6,,,,,2.39,,,,,,,,,Promedio
31,Yucatán,033,Halachó,1002000026,Nacimientos,,471,460,403,373,373,403,416,381,369,405,329,393,362,373,402,358,407,382,354,423,410,424,384,373,377,Nacimientos
31,Yucatán,033,Halachó,1002000027,Nacimientos hombres,,232,245,195,182,194,205,205,195,187,184,177,203,189,183,196,187,215,190,171,214,203,212,179,183,178,Nacimientos
31,Yucatán,033,Halachó,1002000028,Nacimientos mujeres,,239,215,208,191,179,198,211,186,182,221,152,190,173,190,206,171,192,192,183,209,207,212,205,190,199,Nacimientos
31,Yucatán,033,Halachó,1002000029,Nacimientos de sexo no especificado,,0,0,0,0,0,0,0,0,0,0,0,0,0,0,0,0,0,0,0,0,0,0,0,0,0,Nacimientos
31,Yucatán,033,Halachó,6207019036,Promedio de hijos nacidos vivos de las mujeres de 15 a 49 años EI2015,,,,,,,,,,,,,,,,,,,,,,,1.6659008,,,,Promedio
31,Yucatán,034,Hocabá,1002000013,Promedio de hijos nacidos vivos de las mujeres de 12 años y más,,,ND,,,,,3.21,,,,,2.86,,,,,2.69,,,,,,,,,Promedio
31,Yucatán,034,Hocabá,1002000026,Nacimientos,,192,173,161,168,146,137,157,157,140,151,169,148,131,115,122,110,102,118,131,128,95,102,97,79,116,Nacimientos
31,Yucatán,034,Hocabá,1002000027,Nacimientos hombres,,89,101,86,84,79,65,89,75,60,75,73,71,68,56,55,39,54,69,56,63,50,50,49,44,57,Nacimientos
31,Yucatán,034,Hocabá,1002000028,Nacimientos mujeres,,103,72,75,84,67,72,68,82,80,76,96,77,63,59,67,71,48,49,75,65,45,52,48,35,59,Nacimientos
31,Yucatán,034,Hocabá,1002000029,Nacimientos de sexo no especificado,,0,0,0,0,0,0,0,0,0,0,0,0,0,0,0,0,0,0,0,0,0,0,0,0,0,Nacimientos
31,Yucatán,034,Hocabá,6207019036,Promedio de hijos nacidos vivos de las mujeres de 15 a 49 años EI2015,,,,,,,,,,,,,,,,,,,,,,,1.7670955,,,,Promedio
31,Yucatán,035,Hoctún,1002000013,Promedio de hijos nacidos vivos de las mujeres de 12 años y más,,,ND,,,,,2.94,,,,,2.7,,,,,2.48,,,,,,,,,Promedio
31,Yucatán,035,Hoctún,1002000026,Nacimientos,,173,159,147,117,111,102,118,105,124,107,65,114,114,103,125,109,102,83,90,109,106,107,94,96,89,Nacimientos
31,Yucatán,035,Hoctún,1002000027,Nacimientos hombres,,94,72,77,62,62,53,56,53,62,61,32,59,56,43,65,59,49,42,43,49,44,45,54,47,45,Nacimientos
31,Yucatán,035,Hoctún,1002000028,Nacimientos mujeres,,79,87,70,55,49,49,62,52,62,46,33,55,58,60,60,50,53,41,47,60,62,62,40,49,44,Nacimientos
31,Yucatán,035,Hoctún,1002000029,Nacimientos de sexo no especificado,,0,0,0,0,0,0,0,0,0,0,0,0,0,0,0,0,0,0,0,0,0,0,0,0,0,Nacimientos
31,Yucatán,035,Hoctún,6207019036,Promedio de hijos nacidos vivos de las mujeres de 15 a 49 años EI2015,,,,,,,,,,,,,,,,,,,,,,,1.6664398,,,,Promedio
31,Yucatán,036,Homún,1002000013,Promedio de hijos nacidos vivos de las mujeres de 12 años y más,,,ND,,,,,2.92,,,,,2.61,,,,,2.52,,,,,,,,,Promedio
31,Yucatán,036,Homún,1002000026,Nacimientos,,182,164,201,154,158,170,196,184,177,147,133,145,157,146,167,147,144,158,115,155,137,125,124,155,153,Nacimientos
31,Yucatán,036,Homún,1002000027,Nacimientos hombres,,106,78,101,79,91,88,101,94,95,76,64,61,93,74,77,78,69,82,61,75,75,56,62,71,65,Nacimientos
31,Yucatán,036,Homún,1002000028,Nacimientos mujeres,,76,86,100,75,67,82,95,90,82,71,69,84,64,72,90,69,75,76,54,80,62,69,62,84,88,Nacimientos
31,Yucatán,036,Homún,1002000029,Nacimientos de sexo no especificado,,0,0,0,0,0,0,0,0,0,0,0,0,0,0,0,0,0,0,0,0,0,0,0,0,0,Nacimientos
31,Yucatán,036,Homún,6207019036,Promedio de hijos nacidos vivos de las mujeres de 15 a 49 años EI2015,,,,,,,,,,,,,,,,,,,,,,,1.6016909,,,,Promedio
31,Yucatán,037,Huhí,1002000013,Promedio de hijos nacidos vivos de las mujeres de 12 años y más,,,ND,,,,,3.04,,,,,2.83,,,,,2.69,,,,,,,,,Promedio
31,Yucatán,037,Huhí,1002000026,Nacimientos,,123,127,125,112,120,119,137,119,116,103,97,77,82,101,80,85,94,100,84,91,95,87,86,70,80,Nacimientos
31,Yucatán,037,Huhí,1002000027,Nacimientos hombres,,63,70,55,49,59,59,75,61,63,51,44,33,40,57,46,41,48,50,43,58,44,48,46,39,40,Nacimientos
31,Yucatán,037,Huhí,1002000028,Nacimientos mujeres,,60,57,70,63,61,60,62,58,53,52,53,44,42,44,34,44,46,50,41,33,51,39,40,31,40,Nacimientos
31,Yucatán,037,Huhí,1002000029,Nacimientos de sexo no especificado,,0,0,0,0,0,0,0,0,0,0,0,0,0,0,0,0,0,0,0,0,0,0,0,0,0,Nacimientos
31,Yucatán,037,Huhí,6207019036,Promedio de hijos nacidos vivos de las mujeres de 15 a 49 años EI2015,,,,,,,,,,,,,,,,,,,,,,,1.5743001,,,,Promedio
31,Yucatán,038,Hunucmá,1002000013,Promedio de hijos nacidos vivos de las mujeres de 12 años y más,,,ND,,,,,2.76,,,,,2.5,,,,,2.39,,,,,,,,,Promedio
31,Yucatán,038,Hunucmá,1002000026,Nacimientos,,673,595,652,578,614,590,608,634,596,635,568,636,629,684,680,657,608,625,676,646,663,665,616,615,623,Nacimientos
31,Yucatán,038,Hunucmá,1002000027,Nacimientos hombres,,335,307,310,301,311,299,308,314,294,304,282,346,316,337,361,317,282,315,343,320,344,348,308,294,313,Nacimientos
31,Yucatán,038,Hunucmá,1002000028,Nacimientos mujeres,,338,288,342,277,303,291,300,320,302,331,286,290,313,347,319,340,326,310,333,326,319,317,308,321,310,Nacimientos
31,Yucatán,038,Hunucmá,1002000029,Nacimientos de sexo no especificado,,0,0,0,0,0,0,0,0,0,0,0,0,0,0,0,0,0,0,0,0,0,0,0,0,0,Nacimientos
31,Yucatán,038,Hunucmá,6207019036,Promedio de hijos nacidos vivos de las mujeres de 15 a 49 años EI2015,,,,,,,,,,,,,,,,,,,,,,,1.628468,,,,Promedio
31,Yucatán,039,Ixil,1002000013,Promedio de hijos nacidos vivos de las mujeres de 12 años y más,,,ND,,,,,2.68,,,,,2.5,,,,,2.39,,,,,,,,,Promedio
31,Yucatán,039,Ixil,1002000026,Nacimientos,,89,111,83,76,101,75,89,88,90,88,63,69,70,79,75,66,68,58,64,60,63,65,57,64,48,Nacimientos
31,Yucatán,039,Ixil,1002000027,Nacimientos hombres,,45,59,44,43,48,37,46,57,44,51,37,33,36,43,36,26,39,30,27,30,34,26,25,30,16,Nacimientos
31,Yucatán,039,Ixil,1002000028,Nacimientos mujeres,,44,52,39,33,53,38,43,31,46,37,26,36,34,36,39,40,29,28,37,30,29,39,32,34,32,Nacimientos
31,Yucatán,039,Ixil,1002000029,Nacimientos de sexo no especificado,,0,0,0,0,0,0,0,0,0,0,0,0,0,0,0,0,0,0,0,0,0,0,0,0,0,Nacimientos
31,Yucatán,039,Ixil,6207019036,Promedio de hijos nacidos vivos de las mujeres de 15 a 49 años EI2015,,,,,,,,,,,,,,,,,,,,,,,1.5864528,,,,Promedio
31,Yucatán,040,Izamal,1002000013,Promedio de hijos nacidos vivos de las mujeres de 12 años y más,,,ND,,,,,2.9,,,,,2.65,,,,,2.55,,,,,,,,,Promedio
31,Yucatán,040,Izamal,1002000026,Nacimientos,,736,640,565,571,489,541,603,597,529,486,499,549,523,582,621,528,532,527,475,523,523,469,467,475,471,Nacimientos
31,Yucatán,040,Izamal,1002000027,Nacimientos hombres,,379,308,285,298,253,276,306,316,277,251,274,286,268,294,302,279,273,272,258,257,279,231,256,248,230,Nacimientos
31,Yucatán,040,Izamal,1002000028,Nacimientos mujeres,,357,332,280,273,236,265,297,281,252,235,225,263,255,288,319,249,259,255,217,266,244,238,211,227,241,Nacimientos
31,Yucatán,040,Izamal,1002000029,Nacimientos de sexo no especificado,,0,0,0,0,0,0,0,0,0,0,0,0,0,0,0,0,0,0,0,0,0,0,0,0,0,Nacimientos
31,Yucatán,040,Izamal,6207019036,Promedio de hijos nacidos vivos de las mujeres de 15 a 49 años EI2015,,,,,,,,,,,,,,,,,,,,,,,1.6750288,,,,Promedio
31,Yucatán,041,Kanasín,1002000013,Promedio de hijos nacidos vivos de las mujeres de 12 años y más,,,ND,,,,,2.43,,,,,2.24,,,,,2.03,,,,,,,,,Promedio
31,Yucatán,041,Kanasín,1002000026,Nacimientos,,640,693,687,792,769,869,1024,988,958,1051,977,1054,957,1349,1470,1516,1540,1648,1709,1804,1767,1683,1760,1783,1766,Nacimientos
31,Yucatán,041,Kanasín,1002000027,Nacimientos hombres,,327,329,378,395,379,442,510,500,490,534,493,528,516,679,750,779,801,803,866,950,849,876,890,879,887,Nacimientos
31,Yucatán,041,Kanasín,1002000028,Nacimientos mujeres,,313,364,309,397,390,427,514,488,468,517,484,526,441,670,720,737,739,844,843,854,918,807,870,904,879,Nacimientos
31,Yucatán,041,Kanasín,1002000029,Nacimientos de sexo no especificado,,0,0,0,0,0,0,0,0,0,0,0,0,0,0,0,0,0,1,0,0,0,0,0,0,0,Nacimientos
31,Yucatán,041,Kanasín,6207019036,Promedio de hijos nacidos vivos de las mujeres de 15 a 49 años EI2015,,,,,,,,,,,,,,,,,,,,,,,1.7082002,,,,Promedio
31,Yucatán,042,Kantunil,1002000013,Promedio de hijos nacidos vivos de las mujeres de 12 años y más,,,ND,,,,,3.39,,,,,3.13,,,,,3.01,,,,,,,,,Promedio
31,Yucatán,042,Kantunil,1002000026,Nacimientos,,192,210,164,161,171,155,154,130,127,141,117,107,140,132,125,124,133,101,116,114,123,106,92,124,106,Nacimientos
31,Yucatán,042,Kantunil,1002000027,Nacimientos hombres,,101,108,79,64,74,86,78,66,59,70,60,52,67,67,61,66,60,42,59,62,57,50,40,69,52,Nacimientos
31,Yucatán,042,Kantunil,1002000028,Nacimientos mujeres,,91,102,85,97,97,69,76,64,68,71,57,55,73,65,64,58,73,59,57,52,66,56,52,55,54,Nacimientos
31,Yucatán,042,Kantunil,1002000029,Nacimientos de sexo no especificado,,0,0,0,0,0,0,0,0,0,0,0,0,0,0,0,0,0,0,0,0,0,0,0,0,0,Nacimientos
31,Yucatán,042,Kantunil,6207019036,Promedio de hijos nacidos vivos de las mujeres de 15 a 49 años EI2015,,,,,,,,,,,,,,,,,,,,,,,1.941502,,,,Promedio
31,Yucatán,043,Kaua,1002000013,Promedio de hijos nacidos vivos de las mujeres de 12 años y más,,,ND,,,,,2.88,,,,,2.65,,,,,2.71,,,,,,,,,Promedio
31,Yucatán,043,Kaua,1002000026,Nacimientos,,51,60,62,69,52,65,74,71,53,69,67,67,68,97,62,91,79,80,66,67,73,79,53,57,58,Nacimientos
31,Yucatán,043,Kaua,1002000027,Nacimientos hombres,,27,32,26,39,26,35,40,31,30,37,40,35,27,45,35,46,35,35,26,35,28,39,21,33,29,Nacimientos
31,Yucatán,043,Kaua,1002000028,Nacimientos mujeres,,24,28,36,30,26,30,34,40,23,32,27,32,41,52,27,45,44,45,40,32,45,40,32,24,29,Nacimientos
31,Yucatán,043,Kaua,1002000029,Nacimientos de sexo no especificado,,0,0,0,0,0,0,0,0,0,0,0,0,0,0,0,0,0,0,0,0,0,0,0,0,0,Nacimientos
31,Yucatán,043,Kaua,6207019036,Promedio de hijos nacidos vivos de las mujeres de 15 a 49 años EI2015,,,,,,,,,,,,,,,,,,,,,,,2.0776316,,,,Promedio
31,Yucatán,044,Kinchil,1002000013,Promedio de hijos nacidos vivos de las mujeres de 12 años y más,,,ND,,,,,2.97,,,,,2.68,,,,,2.55,,,,,,,,,Promedio
31,Yucatán,044,Kinchil,1002000026,Nacimientos,,156,161,166,147,140,138,144,120,138,127,105,113,126,136,152,133,143,140,118,152,153,134,157,128,153,Nacimientos
31,Yucatán,044,Kinchil,1002000027,Nacimientos hombres,,85,85,89,69,73,61,70,59,71,75,43,63,71,65,75,58,78,64,55,90,84,73,84,62,76,Nacimientos
31,Yucatán,044,Kinchil,1002000028,Nacimientos mujeres,,71,76,77,78,67,77,74,61,67,52,62,50,55,71,77,75,65,76,63,62,69,61,73,66,77,Nacimientos
31,Yucatán,044,Kinchil,1002000029,Nacimientos de sexo no especificado,,0,0,0,0,0,0,0,0,0,0,0,0,0,0,0,0,0,0,0,0,0,0,0,0,0,Nacimientos
31,Yucatán,044,Kinchil,6207019036,Promedio de hijos nacidos vivos de las mujeres de 15 a 49 años EI2015,,,,,,,,,,,,,,,,,,,,,,,1.7178683,,,,Promedio
31,Yucatán,045,Kopomá,1002000013,Promedio de hijos nacidos vivos de las mujeres de 12 años y más,,,ND,,,,,2.76,,,,,2.55,,,,,2.37,,,,,,,,,Promedio
31,Yucatán,045,Kopomá,1002000026,Nacimientos,,59,62,43,57,47,37,45,61,45,56,35,38,52,47,52,41,42,45,44,51,37,34,39,38,47,Nacimientos
31,Yucatán,045,Kopomá,1002000027,Nacimientos hombres,,31,25,22,28,25,21,22,34,18,32,15,23,23,20,27,15,18,30,17,24,19,16,29,26,20,Nacimientos
31,Yucatán,045,Kopomá,1002000028,Nacimientos mujeres,,28,37,21,29,22,16,23,27,27,24,20,15,29,27,25,26,24,15,27,27,18,18,10,12,27,Nacimientos
31,Yucatán,045,Kopomá,1002000029,Nacimientos de sexo no especificado,,0,0,0,0,0,0,0,0,0,0,0,0,0,0,0,0,0,0,0,0,0,0,0,0,0,Nacimientos
31,Yucatán,045,Kopomá,6207019036,Promedio de hijos nacidos vivos de las mujeres de 15 a 49 años EI2015,,,,,,,,,,,,,,,,,,,,,,,1.4383775,,,,Promedio
31,Yucatán,046,Mama,1002000013,Promedio de hijos nacidos vivos de las mujeres de 12 años y más,,,ND,,,,,2.99,,,,,2.7,,,,,2.61,,,,,,,,,Promedio
31,Yucatán,046,Mama,1002000026,Nacimientos,,82,78,64,69,65,49,59,65,68,43,54,65,51,40,57,65,60,59,62,41,75,80,52,68,41,Nacimientos
31,Yucatán,046,Mama,1002000027,Nacimientos hombres,,45,34,32,33,23,19,31,34,32,23,27,27,32,14,26,31,27,28,35,17,40,40,27,39,20,Nacimientos
31,Yucatán,046,Mama,1002000028,Nacimientos mujeres,,37,44,32,36,42,30,28,31,36,20,27,38,19,26,31,34,33,31,27,24,35,40,25,29,21,Nacimientos
31,Yucatán,046,Mama,1002000029,Nacimientos de sexo no especificado,,0,0,0,0,0,0,0,0,0,0,0,0,0,0,0,0,0,0,0,0,0,0,0,0,0,Nacimientos
31,Yucatán,046,Mama,6207019036,Promedio de hijos nacidos vivos de las mujeres de 15 a 49 años EI2015,,,,,,,,,,,,,,,,,,,,,,,1.5963003,,,,Promedio
31,Yucatán,047,Maní,1002000013,Promedio de hijos nacidos vivos de las mujeres de 12 años y más,,,ND,,,,,2.71,,,,,2.41,,,,,2.39,,,,,,,,,Promedio
31,Yucatán,047,Maní,1002000026,Nacimientos,,153,137,137,104,102,99,96,90,83,109,83,93,85,89,104,108,113,120,103,101,124,116,107,91,113,Nacimientos
31,Yucatán,047,Maní,1002000027,Nacimientos hombres,,79,68,69,52,50,47,48,41,41,58,45,55,39,47,49,56,56,61,49,47,66,54,61,39,53,Nacimientos
31,Yucatán,047,Maní,1002000028,Nacimientos mujeres,,74,69,68,52,52,52,48,49,42,51,38,38,46,42,55,52,57,59,54,54,58,62,46,52,60,Nacimientos
31,Yucatán,047,Maní,1002000029,Nacimientos de sexo no especificado,,0,0,0,0,0,0,0,0,0,0,0,0,0,0,0,0,0,0,0,0,0,0,0,0,0,Nacimientos
31,Yucatán,047,Maní,6207019036,Promedio de hijos nacidos vivos de las mujeres de 15 a 49 años EI2015,,,,,,,,,,,,,,,,,,,,,,,1.4990428,,,,Promedio
31,Yucatán,048,Maxcanú,1002000013,Promedio de hijos nacidos vivos de las mujeres de 12 años y más,,,ND,,,,,2.99,,,,,2.65,,,,,2.49,,,,,,,,,Promedio
31,Yucatán,048,Maxcanú,1002000026,Nacimientos,,626,591,560,529,563,561,590,620,507,546,406,467,491,518,492,480,448,405,413,446,428,402,386,396,368,Nacimientos
31,Yucatán,048,Maxcanú,1002000027,Nacimientos hombres,,296,309,299,265,295,285,281,316,256,275,182,230,222,265,249,242,243,203,218,247,196,190,207,209,193,Nacimientos
31,Yucatán,048,Maxcanú,1002000028,Nacimientos mujeres,,330,282,261,264,268,276,309,304,251,271,224,237,269,253,243,238,205,202,195,199,232,212,179,187,175,Nacimientos
31,Yucatán,048,Maxcanú,1002000029,Nacimientos de sexo no especificado,,0,0,0,0,0,0,0,0,0,0,0,0,0,0,0,0,0,0,0,0,0,0,0,0,0,Nacimientos
31,Yucatán,048,Maxcanú,6207019036,Promedio de hijos nacidos vivos de las mujeres de 15 a 49 años EI2015,,,,,,,,,,,,,,,,,,,,,,,1.7542668,,,,Promedio
31,Yucatán,049,Mayapán,1002000013,Promedio de hijos nacidos vivos de las mujeres de 12 años y más,,,ND,,,,,3.31,,,,,3.2,,,,,2.68,,,,,,,,,Promedio
31,Yucatán,049,Mayapán,1002000026,Nacimientos,,82,90,97,86,85,95,80,99,118,117,90,88,89,114,96,86,86,81,92,98,86,81,79,76,73,Nacimientos
31,Yucatán,049,Mayapán,1002000027,Nacimientos hombres,,44,42,45,41,40,55,44,51,63,61,48,31,57,67,47,43,48,52,50,51,45,43,40,35,42,Nacimientos
31,Yucatán,049,Mayapán,1002000028,Nacimientos mujeres,,38,48,52,45,45,40,36,48,55,56,42,57,32,47,49,43,38,29,42,47,41,38,39,41,31,Nacimientos
31,Yucatán,049,Mayapán,1002000029,Nacimientos de sexo no especificado,,0,0,0,0,0,0,0,0,0,0,0,0,0,0,0,0,0,0,0,0,0,0,0,0,0,Nacimientos
31,Yucatán,049,Mayapán,6207019036,Promedio de hijos nacidos vivos de las mujeres de 15 a 49 años EI2015,,,,,,,,,,,,,,,,,,,,,,,2.1922664,,,,Promedio
31,Yucatán,050,Mérida,1002000013,Promedio de hijos nacidos vivos de las mujeres de 12 años y más,,,ND,,,,,2.12,,,,,2.03,,,,,1.92,,,,,,,,,Promedio
31,Yucatán,050,Mérida,1002000026,Nacimientos,,14972,14867,14660,14227,14194,13710,14483,14819,14427,14595,13301,13849,14134,14066,14009,13983,13779,13532,13712,14406,14272,14147,13286,12913,12594,Nacimientos
31,Yucatán,050,Mérida,1002000027,Nacimientos hombres,,7488,7611,7412,7299,7185,7012,7315,7563,7299,7345,6739,7030,7063,7141,7039,7113,6947,6942,6891,7308,7200,7192,6776,6623,6454,Nacimientos
31,Yucatán,050,Mérida,1002000028,Nacimientos mujeres,,7484,7256,7248,6928,7009,6698,7168,7256,7128,7249,6561,6813,7061,6925,6970,6870,6832,6590,6821,7098,7072,6954,6510,6290,6140,Nacimientos
31,Yucatán,050,Mérida,1002000029,Nacimientos de sexo no especificado,,0,0,0,0,0,0,0,0,0,1,1,6,10,0,0,0,0,0,0,0,0,1,0,0,0,Nacimientos
31,Yucatán,050,Mérida,6207019036,Promedio de hijos nacidos vivos de las mujeres de 15 a 49 años EI2015,,,,,,,,,,,,,,,,,,,,,,,1.2915714,,,,Promedio
31,Yucatán,051,Mocochá,1002000013,Promedio de hijos nacidos vivos de las mujeres de 12 años y más,,,ND,,,,,2.76,,,,,2.54,,,,,2.41,,,,,,,,,Promedio
31,Yucatán,051,Mocochá,1002000026,Nacimientos,,53,57,50,49,53,57,70,56,55,71,56,50,44,51,49,56,36,50,39,57,54,55,47,42,42,Nacimientos
31,Yucatán,051,Mocochá,1002000027,Nacimientos hombres,,23,31,18,28,25,28,35,28,27,31,28,23,22,26,24,32,19,31,19,33,27,31,29,24,25,Nacimientos
31,Yucatán,051,Mocochá,1002000028,Nacimientos mujeres,,30,26,32,21,28,29,35,28,28,40,28,27,22,25,25,24,17,19,20,24,27,24,18,18,17,Nacimientos
31,Yucatán,051,Mocochá,1002000029,Nacimientos de sexo no especificado,,0,0,0,0,0,0,0,0,0,0,0,0,0,0,0,0,0,0,0,0,0,0,0,0,0,Nacimientos
31,Yucatán,051,Mocochá,6207019036,Promedio de hijos nacidos vivos de las mujeres de 15 a 49 años EI2015,,,,,,,,,,,,,,,,,,,,,,,1.4314185,,,,Promedio
31,Yucatán,052,Motul,1002000013,Promedio de hijos nacidos vivos de las mujeres de 12 años y más,,,ND,,,,,2.78,,,,,2.59,,,,,2.42,,,,,,,,,Promedio
31,Yucatán,052,Motul,1002000026,Nacimientos,,712,692,698,641,634,630,756,649,650,673,585,259,599,634,619,654,644,635,611,647,648,657,592,620,618,Nacimientos
31,Yucatán,052,Motul,1002000027,Nacimientos hombres,,366,339,333,324,320,328,369,333,351,333,279,138,295,333,309,316,345,309,314,328,324,334,290,311,328,Nacimientos
31,Yucatán,052,Motul,1002000028,Nacimientos mujeres,,346,353,365,317,314,302,387,316,299,340,306,121,304,301,310,338,299,326,297,319,324,323,302,309,290,Nacimientos
31,Yucatán,052,Motul,1002000029,Nacimientos de sexo no especificado,,0,0,0,0,0,0,0,0,0,0,0,0,0,0,0,0,0,0,0,0,0,0,0,0,0,Nacimientos
31,Yucatán,052,Motul,6207019036,Promedio de hijos nacidos vivos de las mujeres de 15 a 49 años EI2015,,,,,,,,,,,,,,,,,,,,,,,1.6198527,,,,Promedio
31,Yucatán,053,Muna,1002000013,Promedio de hijos nacidos vivos de las mujeres de 12 años y más,,,ND,,,,,2.8,,,,,2.69,,,,,2.45,,,,,,,,,Promedio
31,Yucatán,053,Muna,1002000026,Nacimientos,,322,319,263,266,285,251,318,268,239,230,198,231,209,241,213,204,216,242,218,233,228,228,207,259,187,Nacimientos
31,Yucatán,053,Muna,1002000027,Nacimientos hombres,,171,159,131,135,135,126,164,136,114,120,93,123,105,129,106,106,112,121,111,121,121,118,107,146,99,Nacimientos
31,Yucatán,053,Muna,1002000028,Nacimientos mujeres,,151,160,132,131,150,125,154,132,125,110,105,108,104,112,107,98,104,121,107,112,107,110,100,113,88,Nacimientos
31,Yucatán,053,Muna,1002000029,Nacimientos de sexo no especificado,,0,0,0,0,0,0,0,0,0,0,0,0,0,0,0,0,0,0,0,0,0,0,0,0,0,Nacimientos
31,Yucatán,053,Muna,6207019036,Promedio de hijos nacidos vivos de las mujeres de 15 a 49 años EI2015,,,,,,,,,,,,,,,,,,,,,,,1.5243511,,,,Promedio
31,Yucatán,054,Muxupip,1002000013,Promedio de hijos nacidos vivos de las mujeres de 12 años y más,,,ND,,,,,2.82,,,,,2.5,,,,,2.32,,,,,,,,,Promedio
31,Yucatán,054,Muxupip,1002000026,Nacimientos,,54,44,63,51,56,42,47,46,44,48,29,48,48,48,47,46,46,48,43,49,44,43,53,37,61,Nacimientos
31,Yucatán,054,Muxupip,1002000027,Nacimientos hombres,,23,26,25,29,24,22,27,25,21,22,15,24,26,23,28,29,18,18,25,23,27,18,27,12,32,Nacimientos
31,Yucatán,054,Muxupip,1002000028,Nacimientos mujeres,,31,18,38,22,32,20,20,21,23,26,14,24,22,25,19,17,28,30,18,26,17,25,26,25,29,Nacimientos
31,Yucatán,054,Muxupip,1002000029,Nacimientos de sexo no especificado,,0,0,0,0,0,0,0,0,0,0,0,0,0,0,0,0,0,0,0,0,0,0,0,0,0,Nacimientos
31,Yucatán,054,Muxupip,6207019036,Promedio de hijos nacidos vivos de las mujeres de 15 a 49 años EI2015,,,,,,,,,,,,,,,,,,,,,,,1.30375,,,,Promedio
31,Yucatán,055,Opichén,1002000013,Promedio de hijos nacidos vivos de las mujeres de 12 años y más,,,ND,,,,,3.07,,,,,2.61,,,,,2.54,,,,,,,,,Promedio
31,Yucatán,055,Opichén,1002000026,Nacimientos,,173,161,132,134,139,145,122,115,122,129,120,133,104,118,152,122,135,117,122,135,115,137,133,114,120,Nacimientos
31,Yucatán,055,Opichén,1002000027,Nacimientos hombres,,92,80,79,71,60,62,62,52,59,63,53,72,44,66,79,53,60,64,63,69,46,69,70,57,57,Nacimientos
31,Yucatán,055,Opichén,1002000028,Nacimientos mujeres,,81,81,53,63,79,83,60,63,63,66,67,61,60,52,73,69,75,53,59,66,69,68,63,57,63,Nacimientos
31,Yucatán,055,Opichén,1002000029,Nacimientos de sexo no especificado,,0,0,0,0,0,0,0,0,0,0,0,0,0,0,0,0,0,0,0,0,0,0,0,0,0,Nacimientos
31,Yucatán,055,Opichén,6207019036,Promedio de hijos nacidos vivos de las mujeres de 15 a 49 años EI2015,,,,,,,,,,,,,,,,,,,,,,,1.7111356,,,,Promedio
31,Yucatán,056,Oxkutzcab,1002000013,Promedio de hijos nacidos vivos de las mujeres de 12 años y más,,,ND,,,,,2.91,,,,,2.64,,,,,2.48,,,,,,,,,Promedio
31,Yucatán,056,Oxkutzcab,1002000026,Nacimientos,,825,835,788,759,720,693,737,655,596,648,584,641,628,625,708,705,773,772,862,829,801,715,735,685,686,Nacimientos
31,Yucatán,056,Oxkutzcab,1002000027,Nacimientos hombres,,431,458,408,391,379,334,356,337,313,329,290,304,319,316,346,343,349,398,451,435,414,378,376,352,374,Nacimientos
31,Yucatán,056,Oxkutzcab,1002000028,Nacimientos mujeres,,394,377,380,368,341,359,381,318,283,319,294,337,309,309,362,362,424,374,411,394,387,337,359,333,312,Nacimientos
31,Yucatán,056,Oxkutzcab,1002000029,Nacimientos de sexo no especificado,,0,0,0,0,0,0,0,0,0,0,0,0,0,0,0,0,0,0,0,0,0,0,0,0,0,Nacimientos
31,Yucatán,056,Oxkutzcab,6207019036,Promedio de hijos nacidos vivos de las mujeres de 15 a 49 años EI2015,,,,,,,,,,,,,,,,,,,,,,,1.7599301,,,,Promedio
31,Yucatán,057,Panabá,1002000013,Promedio de hijos nacidos vivos de las mujeres de 12 años y más,,,ND,,,,,2.93,,,,,2.74,,,,,2.71,,,,,,,,,Promedio
31,Yucatán,057,Panabá,1002000026,Nacimientos,,196,189,151,174,173,177,166,146,155,142,117,138,135,150,141,144,136,152,146,141,117,124,110,112,124,Nacimientos
31,Yucatán,057,Panabá,1002000027,Nacimientos hombres,,112,95,66,90,97,87,81,79,81,61,57,58,67,61,71,70,80,74,70,75,61,68,49,55,58,Nacimientos
31,Yucatán,057,Panabá,1002000028,Nacimientos mujeres,,84,94,85,84,76,90,85,67,74,81,60,80,68,89,70,74,56,78,76,66,56,56,61,57,66,Nacimientos
31,Yucatán,057,Panabá,1002000029,Nacimientos de sexo no especificado,,0,0,0,0,0,0,0,0,0,0,0,0,0,0,0,0,0,0,0,0,0,0,0,0,0,Nacimientos
31,Yucatán,057,Panabá,6207019036,Promedio de hijos nacidos vivos de las mujeres de 15 a 49 años EI2015,,,,,,,,,,,,,,,,,,,,,,,1.6994898,,,,Promedio
31,Yucatán,058,Peto,1002000013,Promedio de hijos nacidos vivos de las mujeres de 12 años y más,,,ND,,,,,3.22,,,,,3.04,,,,,2.91,,,,,,,,,Promedio
31,Yucatán,058,Peto,1002000026,Nacimientos,,665,623,564,638,584,533,490,464,474,499,453,525,557,569,591,602,637,591,593,626,612,549,577,609,570,Nacimientos
31,Yucatán,058,Peto,1002000027,Nacimientos hombres,,349,318,293,321,309,286,246,231,230,235,227,283,282,297,300,294,327,308,300,316,316,275,299,296,289,Nacimientos
31,Yucatán,058,Peto,1002000028,Nacimientos mujeres,,316,305,271,317,275,247,244,233,244,264,226,242,275,272,291,308,310,283,293,310,296,274,278,313,281,Nacimientos
31,Yucatán,058,Peto,1002000029,Nacimientos de sexo no especificado,,0,0,0,0,0,0,0,0,0,0,0,0,0,0,0,0,0,0,0,0,0,0,0,0,0,Nacimientos
31,Yucatán,058,Peto,6207019036,Promedio de hijos nacidos vivos de las mujeres de 15 a 49 años EI2015,,,,,,,,,,,,,,,,,,,,,,,1.9359708,,,,Promedio
31,Yucatán,059,Progreso,1002000013,Promedio de hijos nacidos vivos de las mujeres de 12 años y más,,,ND,,,,,2.42,,,,,2.31,,,,,2.18,,,,,,,,,Promedio
31,Yucatán,059,Progreso,1002000026,Nacimientos,,1101,1061,1075,1034,942,1000,1005,1016,1040,1051,853,990,990,1035,1196,1006,1050,1058,988,1102,1095,1052,956,956,948,Nacimientos
31,Yucatán,059,Progreso,1002000027,Nacimientos hombres,,575,541,529,530,491,507,513,526,544,545,434,496,505,509,602,534,548,546,519,562,552,512,475,469,490,Nacimientos
31,Yucatán,059,Progreso,1002000028,Nacimientos mujeres,,526,520,546,504,451,493,492,490,496,506,419,494,485,526,594,472,502,512,468,540,543,540,481,487,458,Nacimientos
31,Yucatán,059,Progreso,1002000029,Nacimientos de sexo no especificado,,0,0,0,0,0,0,0,0,0,0,0,0,0,0,0,0,0,0,1,0,0,0,0,0,0,Nacimientos
31,Yucatán,059,Progreso,6207019036,Promedio de hijos nacidos vivos de las mujeres de 15 a 49 años EI2015,,,,,,,,,,,,,,,,,,,,,,,1.68146,,,,Promedio
31,Yucatán,060,Quintana Roo,1002000013,Promedio de hijos nacidos vivos de las mujeres de 12 años y más,,,ND,,,,,3.27,,,,,3.05,,,,,2.86,,,,,,,,,Promedio
31,Yucatán,060,Quintana Roo,1002000026,Nacimientos,,23,37,36,30,31,21,36,17,32,20,16,35,30,29,29,49,45,41,37,43,24,20,15,14,15,Nacimientos
31,Yucatán,060,Quintana Roo,1002000027,Nacimientos hombres,,12,13,13,12,19,8,22,13,21,12,8,19,15,14,17,23,28,21,19,20,13,10,9,7,9,Nacimientos
31,Yucatán,060,Quintana Roo,1002000028,Nacimientos mujeres,,11,24,23,18,12,13,14,4,11,8,8,16,15,15,12,26,17,20,18,23,11,10,6,7,6,Nacimientos
31,Yucatán,060,Quintana Roo,1002000029,Nacimientos de sexo no especificado,,0,0,0,0,0,0,0,0,0,0,0,0,0,0,0,0,0,0,0,0,0,0,0,0,0,Nacimientos
31,Yucatán,060,Quintana Roo,6207019036,Promedio de hijos nacidos vivos de las mujeres de 15 a 49 años EI2015,,,,,,,,,,,,,,,,,,,,,,,1.5943775,,,,Promedio
31,Yucatán,061,Río Lagartos,1002000013,Promedio de hijos nacidos vivos de las mujeres de 12 años y más,,,ND,,,,,2.61,,,,,2.67,,,,,2.33,,,,,,,,,Promedio
31,Yucatán,061,Río Lagartos,1002000026,Nacimientos,,67,51,68,74,77,61,50,52,51,80,58,49,57,59,63,72,45,48,62,71,51,59,50,54,64,Nacimientos
31,Yucatán,061,Río Lagartos,1002000027,Nacimientos hombres,,38,27,34,31,35,31,17,24,27,33,34,20,23,24,29,39,21,12,33,37,27,25,27,29,33,Nacimientos
31,Yucatán,061,Río Lagartos,1002000028,Nacimientos mujeres,,29,24,34,43,42,30,33,28,24,47,24,29,34,35,34,33,24,36,29,34,24,34,23,25,31,Nacimientos
31,Yucatán,061,Río Lagartos,1002000029,Nacimientos de sexo no especificado,,0,0,0,0,0,0,0,0,0,0,0,0,0,0,0,0,0,0,0,0,0,0,0,0,0,Nacimientos
31,Yucatán,061,Río Lagartos,6207019036,Promedio de hijos nacidos vivos de las mujeres de 15 a 49 años EI2015,,,,,,,,,,,,,,,,,,,,,,,1.7527964,,,,Promedio
31,Yucatán,062,Sacalum,1002000013,Promedio de hijos nacidos vivos de las mujeres de 12 años y más,,,ND,,,,,3.2,,,,,2.78,,,,,2.72,,,,,,,,,Promedio
31,Yucatán,062,Sacalum,1002000026,Nacimientos,,114,119,94,92,82,86,93,98,102,106,80,92,96,80,109,95,84,88,99,114,108,94,91,71,110,Nacimientos
31,Yucatán,062,Sacalum,1002000027,Nacimientos hombres,,69,66,52,46,38,45,47,51,49,52,40,38,46,42,53,50,36,48,46,58,56,40,50,42,59,Nacimientos
31,Yucatán,062,Sacalum,1002000028,Nacimientos mujeres,,45,53,42,46,44,41,46,47,53,54,40,54,50,38,56,45,48,40,53,56,52,54,41,29,51,Nacimientos
31,Yucatán,062,Sacalum,1002000029,Nacimientos de sexo no especificado,,0,0,0,0,0,0,0,0,0,0,0,0,0,0,0,0,0,0,0,0,0,0,0,0,0,Nacimientos
31,Yucatán,062,Sacalum,6207019036,Promedio de hijos nacidos vivos de las mujeres de 15 a 49 años EI2015,,,,,,,,,,,,,,,,,,,,,,,1.7794239,,,,Promedio
31,Yucatán,063,Samahil,1002000013,Promedio de hijos nacidos vivos de las mujeres de 12 años y más,,,ND,,,,,3,,,,,2.7,,,,,2.53,,,,,,,,,Promedio
31,Yucatán,063,Samahil,1002000026,Nacimientos,,143,125,135,124,116,115,132,100,118,91,90,107,80,94,86,86,95,90,99,98,96,83,104,104,103,Nacimientos
31,Yucatán,063,Samahil,1002000027,Nacimientos hombres,,69,63,77,62,46,59,64,55,53,35,45,47,39,55,40,44,44,50,43,54,42,34,65,56,52,Nacimientos
31,Yucatán,063,Samahil,1002000028,Nacimientos mujeres,,74,62,58,62,70,56,68,45,65,56,45,60,41,39,46,42,51,40,56,44,54,49,39,48,51,Nacimientos
31,Yucatán,063,Samahil,1002000029,Nacimientos de sexo no especificado,,0,0,0,0,0,0,0,0,0,0,0,0,0,0,0,0,0,0,0,0,0,0,0,0,0,Nacimientos
31,Yucatán,063,Samahil,6207019036,Promedio de hijos nacidos vivos de las mujeres de 15 a 49 años EI2015,,,,,,,,,,,,,,,,,,,,,,,1.6350314,,,,Promedio
31,Yucatán,064,Sanahcat,1002000013,Promedio de hijos nacidos vivos de las mujeres de 12 años y más,,,ND,,,,,3.01,,,,,2.55,,,,,2.55,,,,,,,,,Promedio
31,Yucatán,064,Sanahcat,1002000026,Nacimientos,,57,42,27,30,30,23,39,36,29,34,26,27,29,44,49,30,35,39,41,40,36,40,35,19,26,Nacimientos
31,Yucatán,064,Sanahcat,1002000027,Nacimientos hombres,,33,21,15,14,15,12,18,13,14,13,12,12,14,24,32,17,19,20,20,23,16,21,18,9,12,Nacimientos
31,Yucatán,064,Sanahcat,1002000028,Nacimientos mujeres,,24,21,12,16,15,11,21,23,15,21,14,15,15,20,17,13,16,19,21,17,20,19,17,10,14,Nacimientos
31,Yucatán,064,Sanahcat,1002000029,Nacimientos de sexo no especificado,,0,0,0,0,0,0,0,0,0,0,0,0,0,0,0,0,0,0,0,0,0,0,0,0,0,Nacimientos
31,Yucatán,064,Sanahcat,6207019036,Promedio de hijos nacidos vivos de las mujeres de 15 a 49 años EI2015,,,,,,,,,,,,,,,,,,,,,,,1.6722892,,,,Promedio
31,Yucatán,065,San Felipe,1002000013,Promedio de hijos nacidos vivos de las mujeres de 12 años y más,,,ND,,,,,2.59,,,,,2.52,,,,,2.45,,,,,,,,,Promedio
31,Yucatán,065,San Felipe,1002000026,Nacimientos,,28,26,43,33,38,36,36,38,40,39,37,38,26,40,34,30,29,36,39,24,32,36,41,23,36,Nacimientos
31,Yucatán,065,San Felipe,1002000027,Nacimientos hombres,,10,16,20,21,20,20,20,25,21,21,20,17,14,19,16,11,18,16,17,9,18,16,22,12,22,Nacimientos
31,Yucatán,065,San Felipe,1002000028,Nacimientos mujeres,,18,10,23,12,18,16,16,13,19,18,17,21,12,21,18,19,11,20,22,15,14,20,19,11,14,Nacimientos
31,Yucatán,065,San Felipe,1002000029,Nacimientos de sexo no especificado,,0,0,0,0,0,0,0,0,0,0,0,0,0,0,0,0,0,0,0,0,0,0,0,0,0,Nacimientos
31,Yucatán,065,San Felipe,6207019036,Promedio de hijos nacidos vivos de las mujeres de 15 a 49 años EI2015,,,,,,,,,,,,,,,,,,,,,,,1.8421053,,,,Promedio
31,Yucatán,066,Santa Elena,1002000013,Promedio de hijos nacidos vivos de las mujeres de 12 años y más,,,ND,,,,,2.85,,,,,2.7,,,,,2.56,,,,,,,,,Promedio
31,Yucatán,066,Santa Elena,1002000026,Nacimientos,,104,83,90,84,98,93,99,75,91,63,58,83,55,68,83,89,78,87,76,71,56,76,67,92,79,Nacimientos
31,Yucatán,066,Santa Elena,1002000027,Nacimientos hombres,,48,40,46,48,54,50,45,45,43,35,28,42,24,36,38,49,43,47,44,48,28,33,30,45,40,Nacimientos
31,Yucatán,066,Santa Elena,1002000028,Nacimientos mujeres,,56,43,44,36,44,43,54,30,48,28,30,41,31,32,45,40,35,40,32,23,28,43,37,47,39,Nacimientos
31,Yucatán,066,Santa Elena,1002000029,Nacimientos de sexo no especificado,,0,0,0,0,0,0,0,0,0,0,0,0,0,0,0,0,0,0,0,0,0,0,0,0,0,Nacimientos
31,Yucatán,066,Santa Elena,6207019036,Promedio de hijos nacidos vivos de las mujeres de 15 a 49 años EI2015,,,,,,,,,,,,,,,,,,,,,,,1.6977778,,,,Promedio
31,Yucatán,067,Seyé,1002000013,Promedio de hijos nacidos vivos de las mujeres de 12 años y más,,,ND,,,,,2.89,,,,,2.69,,,,,2.59,,,,,,,,,Promedio
31,Yucatán,067,Seyé,1002000026,Nacimientos,,215,221,187,200,170,198,203,215,201,176,182,180,198,209,162,153,146,178,166,157,168,183,164,180,154,Nacimientos
31,Yucatán,067,Seyé,1002000027,Nacimientos hombres,,113,120,100,118,91,99,92,99,106,84,97,87,100,105,85,64,74,84,82,75,94,95,79,91,80,Nacimientos
31,Yucatán,067,Seyé,1002000028,Nacimientos mujeres,,102,101,87,82,79,99,111,116,95,92,85,93,98,104,77,89,72,94,84,82,74,88,85,89,74,Nacimientos
31,Yucatán,067,Seyé,1002000029,Nacimientos de sexo no especificado,,0,0,0,0,0,0,0,0,0,0,0,0,0,0,0,0,0,0,0,0,0,0,0,0,0,Nacimientos
31,Yucatán,067,Seyé,6207019036,Promedio de hijos nacidos vivos de las mujeres de 15 a 49 años EI2015,,,,,,,,,,,,,,,,,,,,,,,1.6555734,,,,Promedio
31,Yucatán,068,Sinanché,1002000013,Promedio de hijos nacidos vivos de las mujeres de 12 años y más,,,ND,,,,,3,,,,,2.92,,,,,2.67,,,,,,,,,Promedio
31,Yucatán,068,Sinanché,1002000026,Nacimientos,,74,74,57,51,63,65,51,49,58,63,46,55,49,37,38,49,59,44,42,51,40,55,41,39,37,Nacimientos
31,Yucatán,068,Sinanché,1002000027,Nacimientos hombres,,43,42,26,27,34,36,24,24,30,31,23,31,22,20,20,25,24,24,19,29,23,30,22,23,17,Nacimientos
31,Yucatán,068,Sinanché,1002000028,Nacimientos mujeres,,31,32,31,24,29,29,27,25,28,32,23,24,27,17,18,24,35,20,23,22,17,25,19,16,20,Nacimientos
31,Yucatán,068,Sinanché,1002000029,Nacimientos de sexo no especificado,,0,0,0,0,0,0,0,0,0,0,0,0,0,0,0,0,0,0,0,0,0,0,0,0,0,Nacimientos
31,Yucatán,068,Sinanché,6207019036,Promedio de hijos nacidos vivos de las mujeres de 15 a 49 años EI2015,,,,,,,,,,,,,,,,,,,,,,,1.6208333,,,,Promedio
31,Yucatán,069,Sotuta,1002000013,Promedio de hijos nacidos vivos de las mujeres de 12 años y más,,,ND,,,,,3.32,,,,,2.92,,,,,2.96,,,,,,,,,Promedio
31,Yucatán,069,Sotuta,1002000026,Nacimientos,,262,240,209,197,216,227,222,191,222,201,193,163,184,195,180,193,185,179,169,176,177,163,169,184,141,Nacimientos
31,Yucatán,069,Sotuta,1002000027,Nacimientos hombres,,140,132,96,119,112,109,120,86,121,109,98,84,102,110,93,94,102,93,85,93,85,76,93,96,68,Nacimientos
31,Yucatán,069,Sotuta,1002000028,Nacimientos mujeres,,122,108,113,78,104,118,102,105,101,92,95,79,82,85,87,99,83,86,84,83,92,87,76,88,73,Nacimientos
31,Yucatán,069,Sotuta,1002000029,Nacimientos de sexo no especificado,,0,0,0,0,0,0,0,0,0,0,0,0,0,0,0,0,0,0,0,0,0,0,0,0,0,Nacimientos
31,Yucatán,069,Sotuta,6207019036,Promedio de hijos nacidos vivos de las mujeres de 15 a 49 años EI2015,,,,,,,,,,,,,,,,,,,,,,,1.9693593,,,,Promedio
31,Yucatán,070,Sucilá,1002000013,Promedio de hijos nacidos vivos de las mujeres de 12 años y más,,,ND,,,,,2.93,,,,,2.7,,,,,2.72,,,,,,,,,Promedio
31,Yucatán,070,Sucilá,1002000026,Nacimientos,,118,85,89,105,83,84,103,94,82,79,75,67,71,71,84,83,73,64,73,82,72,71,63,58,60,Nacimientos
31,Yucatán,070,Sucilá,1002000027,Nacimientos hombres,,67,45,43,57,50,42,59,49,41,42,39,35,38,37,39,41,40,27,38,47,37,34,29,34,34,Nacimientos
31,Yucatán,070,Sucilá,1002000028,Nacimientos mujeres,,51,40,46,48,33,42,44,45,41,37,36,32,33,34,45,42,33,37,35,35,35,37,34,24,26,Nacimientos
31,Yucatán,070,Sucilá,1002000029,Nacimientos de sexo no especificado,,0,0,0,0,0,0,0,0,0,0,0,0,0,0,0,0,0,0,0,0,0,0,0,0,0,Nacimientos
31,Yucatán,070,Sucilá,6207019036,Promedio de hijos nacidos vivos de las mujeres de 15 a 49 años EI2015,,,,,,,,,,,,,,,,,,,,,,,1.6572917,,,,Promedio
31,Yucatán,071,Sudzal,1002000013,Promedio de hijos nacidos vivos de las mujeres de 12 años y más,,,ND,,,,,3.41,,,,,3.1,,,,,3,,,,,,,,,Promedio
31,Yucatán,071,Sudzal,1002000026,Nacimientos,,41,43,40,49,45,47,32,32,28,41,24,29,33,38,36,37,50,24,41,39,30,45,44,44,41,Nacimientos
31,Yucatán,071,Sudzal,1002000027,Nacimientos hombres,,20,18,22,21,25,28,19,22,22,22,13,17,19,21,19,19,24,13,22,20,17,20,25,22,18,Nacimientos
31,Yucatán,071,Sudzal,1002000028,Nacimientos mujeres,,21,25,18,28,20,19,13,10,6,19,11,12,14,17,17,18,26,11,19,19,13,25,19,22,23,Nacimientos
31,Yucatán,071,Sudzal,1002000029,Nacimientos de sexo no especificado,,0,0,0,0,0,0,0,0,0,0,0,0,0,0,0,0,0,0,0,0,0,0,0,0,0,Nacimientos
31,Yucatán,071,Sudzal,6207019036,Promedio de hijos nacidos vivos de las mujeres de 15 a 49 años EI2015,,,,,,,,,,,,,,,,,,,,,,,2.4603659,,,,Promedio
31,Yucatán,072,Suma,1002000013,Promedio de hijos nacidos vivos de las mujeres de 12 años y más,,,ND,,,,,2.98,,,,,2.76,,,,,2.98,,,,,,,,,Promedio
31,Yucatán,072,Suma,1002000026,Nacimientos,,38,36,24,36,36,30,35,23,28,27,44,32,38,32,33,40,27,34,26,28,18,30,24,23,27,Nacimientos
31,Yucatán,072,Suma,1002000027,Nacimientos hombres,,26,18,12,26,20,10,19,16,16,12,24,14,19,18,14,21,13,17,16,13,8,13,15,13,21,Nacimientos
31,Yucatán,072,Suma,1002000028,Nacimientos mujeres,,12,18,12,10,16,20,16,7,12,15,20,18,19,14,19,19,14,17,10,15,10,17,9,10,6,Nacimientos
31,Yucatán,072,Suma,1002000029,Nacimientos de sexo no especificado,,0,0,0,0,0,0,0,0,0,0,0,0,0,0,0,0,0,0,0,0,0,0,0,0,0,Nacimientos
31,Yucatán,072,Suma,6207019036,Promedio de hijos nacidos vivos de las mujeres de 15 a 49 años EI2015,,,,,,,,,,,,,,,,,,,,,,,1.4307692,,,,Promedio
31,Yucatán,073,Tahdziú,1002000013,Promedio de hijos nacidos vivos de las mujeres de 12 años y más,,,ND,,,,,3.36,,,,,3.43,,,,,3.16,,,,,,,,,Promedio
31,Yucatán,073,Tahdziú,1002000026,Nacimientos,,142,158,147,143,159,143,203,207,200,180,207,171,181,175,174,171,166,143,173,176,195,161,184,153,174,Nacimientos
31,Yucatán,073,Tahdziú,1002000027,Nacimientos hombres,,70,74,75,73,82,77,109,101,105,95,128,88,85,91,104,85,79,75,99,80,99,78,93,72,94,Nacimientos
31,Yucatán,073,Tahdziú,1002000028,Nacimientos mujeres,,72,84,72,70,77,66,94,106,95,85,79,83,96,84,70,86,87,68,74,96,96,83,91,81,80,Nacimientos
31,Yucatán,073,Tahdziú,1002000029,Nacimientos de sexo no especificado,,0,0,0,0,0,0,0,0,0,0,0,0,0,0,0,0,0,0,0,0,0,0,0,0,0,Nacimientos
31,Yucatán,073,Tahdziú,6207019036,Promedio de hijos nacidos vivos de las mujeres de 15 a 49 años EI2015,,,,,,,,,,,,,,,,,,,,,,,2.5004088,,,,Promedio
31,Yucatán,074,Tahmek,1002000013,Promedio de hijos nacidos vivos de las mujeres de 12 años y más,,,ND,,,,,2.76,,,,,2.53,,,,,2.42,,,,,,,,,Promedio
31,Yucatán,074,Tahmek,1002000026,Nacimientos,,66,73,68,74,81,66,82,69,62,81,64,62,54,71,62,54,50,68,53,48,57,58,46,58,50,Nacimientos
31,Yucatán,074,Tahmek,1002000027,Nacimientos hombres,,29,41,37,45,43,35,41,36,35,40,27,35,26,35,37,25,26,33,22,31,27,29,24,32,31,Nacimientos
31,Yucatán,074,Tahmek,1002000028,Nacimientos mujeres,,37,32,31,29,38,31,41,33,27,41,37,27,28,36,25,29,24,35,31,17,30,29,22,26,19,Nacimientos
31,Yucatán,074,Tahmek,1002000029,Nacimientos de sexo no especificado,,0,0,0,0,0,0,0,0,0,0,0,0,0,0,0,0,0,0,0,0,0,0,0,0,0,Nacimientos
31,Yucatán,074,Tahmek,6207019036,Promedio de hijos nacidos vivos de las mujeres de 15 a 49 años EI2015,,,,,,,,,,,,,,,,,,,,,,,1.4186576,,,,Promedio
31,Yucatán,075,Teabo,1002000013,Promedio de hijos nacidos vivos de las mujeres de 12 años y más,,,ND,,,,,3.15,,,,,2.69,,,,,2.59,,,,,,,,,Promedio
31,Yucatán,075,Teabo,1002000026,Nacimientos,,150,154,164,155,139,151,167,159,143,132,90,128,116,92,130,128,137,132,115,193,121,138,150,156,148,Nacimientos
31,Yucatán,075,Teabo,1002000027,Nacimientos hombres,,82,75,81,69,70,65,86,80,70,54,51,75,75,45,62,70,66,70,56,96,57,70,83,76,63,Nacimientos
31,Yucatán,075,Teabo,1002000028,Nacimientos mujeres,,68,79,83,86,69,86,81,79,73,78,39,53,41,47,68,58,71,62,59,97,64,68,67,80,85,Nacimientos
31,Yucatán,075,Teabo,1002000029,Nacimientos de sexo no especificado,,0,0,0,0,0,0,0,0,0,0,0,0,0,0,0,0,0,0,0,0,0,0,0,0,0,Nacimientos
31,Yucatán,075,Teabo,6207019036,Promedio de hijos nacidos vivos de las mujeres de 15 a 49 años EI2015,,,,,,,,,,,,,,,,,,,,,,,1.7430939,,,,Promedio
31,Yucatán,076,Tecoh,1002000013,Promedio de hijos nacidos vivos de las mujeres de 12 años y más,,,ND,,,,,2.84,,,,,2.59,,,,,2.5,,,,,,,,,Promedio
31,Yucatán,076,Tecoh,1002000026,Nacimientos,,362,379,402,340,378,354,308,352,287,356,200,189,309,307,367,295,311,298,294,315,330,305,315,286,303,Nacimientos
31,Yucatán,076,Tecoh,1002000027,Nacimientos hombres,,183,188,204,187,201,186,157,186,149,174,114,91,148,163,199,148,155,155,141,167,165,152,155,151,174,Nacimientos
31,Yucatán,076,Tecoh,1002000028,Nacimientos mujeres,,179,191,198,153,177,168,151,166,138,182,86,98,161,144,168,147,156,143,153,148,165,153,160,135,129,Nacimientos
31,Yucatán,076,Tecoh,1002000029,Nacimientos de sexo no especificado,,0,0,0,0,0,0,0,0,0,0,0,0,0,0,0,0,0,0,0,0,0,0,0,0,0,Nacimientos
31,Yucatán,076,Tecoh,6207019036,Promedio de hijos nacidos vivos de las mujeres de 15 a 49 años EI2015,,,,,,,,,,,,,,,,,,,,,,,1.6495436,,,,Promedio
31,Yucatán,077,Tekal de Venegas,1002000013,Promedio de hijos nacidos vivos de las mujeres de 12 años y más,,,ND,,,,,3.56,,,,,2.94,,,,,2.81,,,,,,,,,Promedio
31,Yucatán,077,Tekal de Venegas,1002000026,Nacimientos,,78,70,60,65,67,53,66,65,58,46,56,56,54,57,55,60,70,53,38,69,57,50,47,40,50,Nacimientos
31,Yucatán,077,Tekal de Venegas,1002000027,Nacimientos hombres,,38,32,36,33,38,30,34,33,27,26,30,23,34,29,26,28,35,28,19,35,27,32,24,18,28,Nacimientos
31,Yucatán,077,Tekal de Venegas,1002000028,Nacimientos mujeres,,40,38,24,32,29,23,32,32,31,20,26,33,20,28,29,32,35,25,19,34,30,18,23,22,22,Nacimientos
31,Yucatán,077,Tekal de Venegas,1002000029,Nacimientos de sexo no especificado,,0,0,0,0,0,0,0,0,0,0,0,0,0,0,0,0,0,0,0,0,0,0,0,0,0,Nacimientos
31,Yucatán,077,Tekal de Venegas,6207019036,Promedio de hijos nacidos vivos de las mujeres de 15 a 49 años EI2015,,,,,,,,,,,,,,,,,,,,,,,1.760479,,,,Promedio
31,Yucatán,078,Tekantó,1002000013,Promedio de hijos nacidos vivos de las mujeres de 12 años y más,,,ND,,,,,2.94,,,,,2.78,,,,,2.72,,,,,,,,,Promedio
31,Yucatán,078,Tekantó,1002000026,Nacimientos,,88,99,88,80,73,78,83,86,84,82,47,78,53,78,67,65,79,56,74,78,58,79,57,52,66,Nacimientos
31,Yucatán,078,Tekantó,1002000027,Nacimientos hombres,,45,44,49,43,28,51,38,42,40,47,22,42,21,43,41,30,38,29,32,39,31,41,30,34,28,Nacimientos
31,Yucatán,078,Tekantó,1002000028,Nacimientos mujeres,,43,55,39,37,45,27,45,44,44,35,25,36,32,35,26,35,41,27,42,39,27,38,27,18,38,Nacimientos
31,Yucatán,078,Tekantó,1002000029,Nacimientos de sexo no especificado,,0,0,0,0,0,0,0,0,0,0,0,0,0,0,0,0,0,0,0,0,0,0,0,0,0,Nacimientos
31,Yucatán,078,Tekantó,6207019036,Promedio de hijos nacidos vivos de las mujeres de 15 a 49 años EI2015,,,,,,,,,,,,,,,,,,,,,,,1.6208378,,,,Promedio
31,Yucatán,079,Tekax,1002000013,Promedio de hijos nacidos vivos de las mujeres de 12 años y más,,,ND,,,,,2.9,,,,,2.69,,,,,2.51,,,,,,,,,Promedio
31,Yucatán,079,Tekax,1002000026,Nacimientos,,879,883,876,806,866,932,958,868,860,860,641,837,905,937,960,924,901,927,884,928,909,892,789,868,842,Nacimientos
31,Yucatán,079,Tekax,1002000027,Nacimientos hombres,,452,451,452,384,425,461,474,448,436,446,302,431,472,461,479,455,439,449,453,492,465,420,385,464,442,Nacimientos
31,Yucatán,079,Tekax,1002000028,Nacimientos mujeres,,427,432,424,422,441,471,484,420,424,414,339,406,433,476,481,469,462,478,431,436,444,472,404,404,400,Nacimientos
31,Yucatán,079,Tekax,1002000029,Nacimientos de sexo no especificado,,0,0,0,0,0,0,0,0,0,0,0,0,0,0,0,0,0,0,0,0,0,0,0,0,0,Nacimientos
31,Yucatán,079,Tekax,6207019036,Promedio de hijos nacidos vivos de las mujeres de 15 a 49 años EI2015,,,,,,,,,,,,,,,,,,,,,,,1.7174595,,,,Promedio
31,Yucatán,080,Tekit,1002000013,Promedio de hijos nacidos vivos de las mujeres de 12 años y más,,,ND,,,,,2.75,,,,,2.59,,,,,2.44,,,,,,,,,Promedio
31,Yucatán,080,Tekit,1002000026,Nacimientos,,207,222,202,196,187,210,261,234,196,204,165,213,185,174,224,203,219,187,218,183,191,195,200,192,191,Nacimientos
31,Yucatán,080,Tekit,1002000027,Nacimientos hombres,,101,117,100,105,109,112,144,121,82,97,91,114,101,95,113,103,119,107,118,92,102,113,116,91,92,Nacimientos
31,Yucatán,080,Tekit,1002000028,Nacimientos mujeres,,106,105,102,91,78,98,117,113,114,107,74,99,84,79,111,100,100,80,100,91,89,82,84,101,99,Nacimientos
31,Yucatán,080,Tekit,1002000029,Nacimientos de sexo no especificado,,0,0,0,0,0,0,0,0,0,0,0,0,0,0,0,0,0,0,0,0,0,0,0,0,0,Nacimientos
31,Yucatán,080,Tekit,6207019036,Promedio de hijos nacidos vivos de las mujeres de 15 a 49 años EI2015,,,,,,,,,,,,,,,,,,,,,,,1.6382979,,,,Promedio
31,Yucatán,081,Tekom,1002000013,Promedio de hijos nacidos vivos de las mujeres de 12 años y más,,,ND,,,,,2.84,,,,,2.73,,,,,2.68,,,,,,,,,Promedio
31,Yucatán,081,Tekom,1002000026,Nacimientos,,74,80,83,62,79,63,84,79,75,73,87,62,82,84,73,75,60,79,60,88,78,83,70,65,65,Nacimientos
31,Yucatán,081,Tekom,1002000027,Nacimientos hombres,,37,37,47,33,45,29,42,41,41,35,47,32,45,42,33,37,32,37,31,42,47,47,30,25,31,Nacimientos
31,Yucatán,081,Tekom,1002000028,Nacimientos mujeres,,37,43,36,29,34,34,42,38,34,38,40,30,37,42,40,38,28,42,29,46,31,36,40,40,34,Nacimientos
31,Yucatán,081,Tekom,1002000029,Nacimientos de sexo no especificado,,0,0,0,0,0,0,0,0,0,0,0,0,0,0,0,0,0,0,0,0,0,0,0,0,0,Nacimientos
31,Yucatán,081,Tekom,6207019036,Promedio de hijos nacidos vivos de las mujeres de 15 a 49 años EI2015,,,,,,,,,,,,,,,,,,,,,,,1.9323308,,,,Promedio
31,Yucatán,082,Telchac Pueblo,1002000013,Promedio de hijos nacidos vivos de las mujeres de 12 años y más,,,ND,,,,,2.91,,,,,2.56,,,,,2.39,,,,,,,,,Promedio
31,Yucatán,082,Telchac Pueblo,1002000026,Nacimientos,,95,82,88,60,79,57,63,61,54,68,40,50,40,39,62,61,54,50,63,60,54,57,50,41,45,Nacimientos
31,Yucatán,082,Telchac Pueblo,1002000027,Nacimientos hombres,,50,39,46,32,42,23,29,32,32,37,19,21,22,17,27,32,27,26,26,23,30,30,23,20,22,Nacimientos
31,Yucatán,082,Telchac Pueblo,1002000028,Nacimientos mujeres,,45,43,42,28,37,34,34,29,22,31,21,29,18,22,35,29,27,24,37,37,24,27,27,21,23,Nacimientos
31,Yucatán,082,Telchac Pueblo,1002000029,Nacimientos de sexo no especificado,,0,0,0,0,0,0,0,0,0,0,0,0,0,0,0,0,0,0,0,0,0,0,0,0,0,Nacimientos
31,Yucatán,082,Telchac Pueblo,6207019036,Promedio de hijos nacidos vivos de las mujeres de 15 a 49 años EI2015,,,,,,,,,,,,,,,,,,,,,,,1.4746336,,,,Promedio
31,Yucatán,083,Telchac Puerto,1002000013,Promedio de hijos nacidos vivos de las mujeres de 12 años y más,,,ND,,,,,2.78,,,,,2.61,,,,,2.3,,,,,,,,,Promedio
31,Yucatán,083,Telchac Puerto,1002000026,Nacimientos,,37,47,40,36,53,32,36,35,25,19,33,24,30,33,29,27,29,24,35,30,31,33,42,30,35,Nacimientos
31,Yucatán,083,Telchac Puerto,1002000027,Nacimientos hombres,,18,27,11,20,26,17,23,11,9,9,17,13,17,19,16,13,14,11,18,14,15,14,27,18,16,Nacimientos
31,Yucatán,083,Telchac Puerto,1002000028,Nacimientos mujeres,,19,20,29,16,27,15,13,24,16,10,16,11,13,14,13,14,15,13,17,16,16,19,15,12,19,Nacimientos
31,Yucatán,083,Telchac Puerto,1002000029,Nacimientos de sexo no especificado,,0,0,0,0,0,0,0,0,0,0,0,0,0,0,0,0,0,0,0,0,0,0,0,0,0,Nacimientos
31,Yucatán,083,Telchac Puerto,6207019036,Promedio de hijos nacidos vivos de las mujeres de 15 a 49 años EI2015,,,,,,,,,,,,,,,,,,,,,,,1.7216036,,,,Promedio
31,Yucatán,084,Temax,1002000013,Promedio de hijos nacidos vivos de las mujeres de 12 años y más,,,ND,,,,,3.19,,,,,3.54,,,,,2.83,,,,,,,,,Promedio
31,Yucatán,084,Temax,1002000026,Nacimientos,,192,196,214,168,201,160,176,139,154,151,136,150,134,124,158,133,154,139,120,129,115,126,107,110,113,Nacimientos
31,Yucatán,084,Temax,1002000027,Nacimientos hombres,,104,100,106,78,106,84,76,64,83,80,57,73,66,64,79,66,73,62,65,69,56,66,41,52,59,Nacimientos
31,Yucatán,084,Temax,1002000028,Nacimientos mujeres,,88,96,108,90,95,76,100,75,71,71,79,77,68,60,79,67,81,77,55,60,59,60,66,58,54,Nacimientos
31,Yucatán,084,Temax,1002000029,Nacimientos de sexo no especificado,,0,0,0,0,0,0,0,0,0,0,0,0,0,0,0,0,0,0,0,0,0,0,0,0,0,Nacimientos
31,Yucatán,084,Temax,6207019036,Promedio de hijos nacidos vivos de las mujeres de 15 a 49 años EI2015,,,,,,,,,,,,,,,,,,,,,,,1.6765198,,,,Promedio
31,Yucatán,085,Temozón,1002000013,Promedio de hijos nacidos vivos de las mujeres de 12 años y más,,,ND,,,,,3.02,,,,,3.18,,,,,2.74,,,,,,,,,Promedio
31,Yucatán,085,Temozón,1002000026,Nacimientos,,369,365,344,361,347,360,391,342,345,388,346,317,393,405,357,384,343,316,332,318,285,291,318,316,321,Nacimientos
31,Yucatán,085,Temozón,1002000027,Nacimientos hombres,,196,187,193,184,176,172,197,184,183,209,175,159,210,208,170,196,176,155,178,173,155,144,159,166,158,Nacimientos
31,Yucatán,085,Temozón,1002000028,Nacimientos mujeres,,173,178,151,177,171,188,194,158,162,179,171,158,183,197,187,188,167,161,154,145,130,147,159,150,163,Nacimientos
31,Yucatán,085,Temozón,1002000029,Nacimientos de sexo no especificado,,0,0,0,0,0,0,0,0,0,0,0,0,0,0,0,0,0,0,0,0,0,0,0,0,0,Nacimientos
31,Yucatán,085,Temozón,6207019036,Promedio de hijos nacidos vivos de las mujeres de 15 a 49 años EI2015,,,,,,,,,,,,,,,,,,,,,,,1.8916709,,,,Promedio
31,Yucatán,086,Tepakán,1002000013,Promedio de hijos nacidos vivos de las mujeres de 12 años y más,,,ND,,,,,3.15,,,,,3.3,,,,,2.83,,,,,,,,,Promedio
31,Yucatán,086,Tepakán,1002000026,Nacimientos,,82,107,72,79,67,42,50,41,46,57,61,43,37,36,49,49,44,35,27,51,29,49,42,34,51,Nacimientos
31,Yucatán,086,Tepakán,1002000027,Nacimientos hombres,,35,65,37,44,37,23,29,17,25,30,30,24,18,20,28,24,20,13,12,19,13,25,18,17,32,Nacimientos
31,Yucatán,086,Tepakán,1002000028,Nacimientos mujeres,,47,42,35,35,30,19,21,24,21,27,31,19,19,16,21,25,24,22,15,32,16,24,24,17,19,Nacimientos
31,Yucatán,086,Tepakán,1002000029,Nacimientos de sexo no especificado,,0,0,0,0,0,0,0,0,0,0,0,0,0,0,0,0,0,0,0,0,0,0,0,0,0,Nacimientos
31,Yucatán,086,Tepakán,6207019036,Promedio de hijos nacidos vivos de las mujeres de 15 a 49 años EI2015,,,,,,,,,,,,,,,,,,,,,,,1.6977688,,,,Promedio
31,Yucatán,087,Tetiz,1002000013,Promedio de hijos nacidos vivos de las mujeres de 12 años y más,,,ND,,,,,3.11,,,,,2.68,,,,,2.51,,,,,,,,,Promedio
31,Yucatán,087,Tetiz,1002000026,Nacimientos,,125,120,121,129,116,108,116,95,92,112,59,94,73,67,53,67,67,59,58,58,53,37,32,43,33,Nacimientos
31,Yucatán,087,Tetiz,1002000027,Nacimientos hombres,,73,58,57,65,50,59,67,42,48,54,33,50,39,30,31,33,35,31,21,34,31,15,13,23,21,Nacimientos
31,Yucatán,087,Tetiz,1002000028,Nacimientos mujeres,,52,62,64,64,66,49,49,53,44,58,26,44,34,37,22,34,32,28,37,24,22,22,19,20,12,Nacimientos
31,Yucatán,087,Tetiz,1002000029,Nacimientos de sexo no especificado,,0,0,0,0,0,0,0,0,0,0,0,0,0,0,0,0,0,0,0,0,0,0,0,0,0,Nacimientos
31,Yucatán,087,Tetiz,6207019036,Promedio de hijos nacidos vivos de las mujeres de 15 a 49 años EI2015,,,,,,,,,,,,,,,,,,,,,,,1.7187274,,,,Promedio
31,Yucatán,088,Teya,1002000013,Promedio de hijos nacidos vivos de las mujeres de 12 años y más,,,ND,,,,,3.67,,,,,3.18,,,,,2.98,,,,,,,,,Promedio
31,Yucatán,088,Teya,1002000026,Nacimientos,,53,55,40,47,59,33,53,32,35,43,31,38,36,44,43,56,54,48,43,49,26,42,44,36,33,Nacimientos
31,Yucatán,088,Teya,1002000027,Nacimientos hombres,,24,26,22,23,33,15,29,14,17,17,18,22,15,21,26,25,35,17,22,33,12,20,24,24,15,Nacimientos
31,Yucatán,088,Teya,1002000028,Nacimientos mujeres,,29,29,18,24,26,18,24,18,18,26,13,16,21,23,17,31,19,31,21,16,14,22,20,12,18,Nacimientos
31,Yucatán,088,Teya,1002000029,Nacimientos de sexo no especificado,,0,0,0,0,0,0,0,0,0,0,0,0,0,0,0,0,0,0,0,0,0,0,0,0,0,Nacimientos
31,Yucatán,088,Teya,6207019036,Promedio de hijos nacidos vivos de las mujeres de 15 a 49 años EI2015,,,,,,,,,,,,,,,,,,,,,,,1.6893617,,,,Promedio
31,Yucatán,089,Ticul,1002000013,Promedio de hijos nacidos vivos de las mujeres de 12 años y más,,,ND,,,,,2.65,,,,,2.43,,,,,2.33,,,,,,,,,Promedio
31,Yucatán,089,Ticul,1002000026,Nacimientos,,845,859,786,709,766,776,765,702,704,701,520,744,726,741,733,805,774,688,741,787,838,774,667,616,687,Nacimientos
31,Yucatán,089,Ticul,1002000027,Nacimientos hombres,,428,458,413,353,417,400,401,354,371,377,236,370,365,383,363,422,384,345,376,398,418,410,344,310,363,Nacimientos
31,Yucatán,089,Ticul,1002000028,Nacimientos mujeres,,417,401,373,356,349,376,364,348,333,324,284,374,361,358,370,383,390,343,365,389,420,364,323,306,324,Nacimientos
31,Yucatán,089,Ticul,1002000029,Nacimientos de sexo no especificado,,0,0,0,0,0,0,0,0,0,0,0,0,0,0,0,0,0,0,0,0,0,0,0,0,0,Nacimientos
31,Yucatán,089,Ticul,6207019036,Promedio de hijos nacidos vivos de las mujeres de 15 a 49 años EI2015,,,,,,,,,,,,,,,,,,,,,,,1.5674338,,,,Promedio
31,Yucatán,090,Timucuy,1002000013,Promedio de hijos nacidos vivos de las mujeres de 12 años y más,,,ND,,,,,2.92,,,,,2.62,,,,,2.54,,,,,,,,,Promedio
31,Yucatán,090,Timucuy,1002000026,Nacimientos,,135,150,145,133,123,131,159,150,132,137,112,149,133,138,119,127,114,103,135,145,106,123,139,134,112,Nacimientos
31,Yucatán,090,Timucuy,1002000027,Nacimientos hombres,,72,71,73,65,56,73,80,77,76,75,57,75,77,70,60,66,58,45,63,63,62,57,74,64,53,Nacimientos
31,Yucatán,090,Timucuy,1002000028,Nacimientos mujeres,,63,79,72,68,67,58,79,73,56,62,55,74,56,68,59,61,56,58,72,82,44,66,65,70,59,Nacimientos
31,Yucatán,090,Timucuy,1002000029,Nacimientos de sexo no especificado,,0,0,0,0,0,0,0,0,0,0,0,0,0,0,0,0,0,0,0,0,0,0,0,0,0,Nacimientos
31,Yucatán,090,Timucuy,6207019036,Promedio de hijos nacidos vivos de las mujeres de 15 a 49 años EI2015,,,,,,,,,,,,,,,,,,,,,,,1.6690248,,,,Promedio
31,Yucatán,091,Tinum,1002000013,Promedio de hijos nacidos vivos de las mujeres de 12 años y más,,,ND,,,,,2.86,,,,,2.62,,,,,2.54,,,,,,,,,Promedio
31,Yucatán,091,Tinum,1002000026,Nacimientos,,271,253,263,246,269,271,299,268,262,254,234,217,245,263,270,281,212,233,265,244,277,217,250,247,242,Nacimientos
31,Yucatán,091,Tinum,1002000027,Nacimientos hombres,,128,138,136,144,140,153,150,141,148,127,107,112,114,135,137,131,107,128,138,121,135,94,123,124,121,Nacimientos
31,Yucatán,091,Tinum,1002000028,Nacimientos mujeres,,143,115,127,102,129,118,149,127,114,127,127,105,131,128,133,150,105,105,127,123,142,123,127,123,121,Nacimientos
31,Yucatán,091,Tinum,1002000029,Nacimientos de sexo no especificado,,0,0,0,0,0,0,0,0,0,0,0,0,0,0,0,0,0,0,0,0,0,0,0,0,0,Nacimientos
31,Yucatán,091,Tinum,6207019036,Promedio de hijos nacidos vivos de las mujeres de 15 a 49 años EI2015,,,,,,,,,,,,,,,,,,,,,,,1.8188475,,,,Promedio
31,Yucatán,092,Tixcacalcupul,1002000013,Promedio de hijos nacidos vivos de las mujeres de 12 años y más,,,ND,,,,,2.63,,,,,2.94,,,,,2.83,,,,,,,,,Promedio
31,Yucatán,092,Tixcacalcupul,1002000026,Nacimientos,,175,161,152,163,170,151,202,161,190,169,154,172,164,191,167,178,168,170,157,193,152,140,138,167,173,Nacimientos
31,Yucatán,092,Tixcacalcupul,1002000027,Nacimientos hombres,,85,88,80,84,94,78,106,86,96,75,77,85,79,79,81,96,89,87,79,98,78,61,66,96,81,Nacimientos
31,Yucatán,092,Tixcacalcupul,1002000028,Nacimientos mujeres,,90,73,72,79,76,73,96,75,94,94,77,87,85,112,86,82,79,83,78,95,74,79,72,71,92,Nacimientos
31,Yucatán,092,Tixcacalcupul,1002000029,Nacimientos de sexo no especificado,,0,0,0,0,0,0,0,0,0,0,0,0,0,0,0,0,0,0,0,0,0,0,0,0,0,Nacimientos
31,Yucatán,092,Tixcacalcupul,6207019036,Promedio de hijos nacidos vivos de las mujeres de 15 a 49 años EI2015,,,,,,,,,,,,,,,,,,,,,,,2.1152287,,,,Promedio
31,Yucatán,093,Tixkokob,1002000013,Promedio de hijos nacidos vivos de las mujeres de 12 años y más,,,ND,,,,,2.54,,,,,2.38,,,,,2.24,,,,,,,,,Promedio
31,Yucatán,093,Tixkokob,1002000026,Nacimientos,,364,317,331,299,316,301,326,314,341,299,263,262,294,285,253,313,311,285,270,279,306,279,226,229,237,Nacimientos
31,Yucatán,093,Tixkokob,1002000027,Nacimientos hombres,,183,154,166,144,168,138,153,164,165,170,124,131,141,142,125,162,170,141,127,154,147,153,106,116,133,Nacimientos
31,Yucatán,093,Tixkokob,1002000028,Nacimientos mujeres,,181,163,165,155,148,163,173,150,176,129,139,130,153,143,128,151,141,144,143,125,158,126,120,113,104,Nacimientos
31,Yucatán,093,Tixkokob,1002000029,Nacimientos de sexo no especificado,,0,0,0,0,0,0,0,0,0,0,0,1,0,0,0,0,0,0,0,0,1,0,0,0,0,Nacimientos
31,Yucatán,093,Tixkokob,6207019036,Promedio de hijos nacidos vivos de las mujeres de 15 a 49 años EI2015,,,,,,,,,,,,,,,,,,,,,,,1.4070446,,,,Promedio
31,Yucatán,094,Tixmehuac,1002000013,Promedio de hijos nacidos vivos de las mujeres de 12 años y más,,,ND,,,,,3.1,,,,,2.93,,,,,3.01,,,,,,,,,Promedio
31,Yucatán,094,Tixmehuac,1002000026,Nacimientos,,102,124,111,118,114,121,117,108,122,95,98,98,109,118,96,114,115,81,88,84,91,102,90,92,94,Nacimientos
31,Yucatán,094,Tixmehuac,1002000027,Nacimientos hombres,,49,72,65,69,69,69,52,56,61,52,43,47,57,64,54,52,57,45,40,47,42,56,46,48,54,Nacimientos
31,Yucatán,094,Tixmehuac,1002000028,Nacimientos mujeres,,53,52,46,49,45,52,65,52,61,43,55,51,52,54,42,62,58,36,48,37,49,46,44,44,40,Nacimientos
31,Yucatán,094,Tixmehuac,1002000029,Nacimientos de sexo no especificado,,0,0,0,0,0,0,0,0,0,0,0,0,0,0,0,0,0,0,0,0,0,0,0,0,0,Nacimientos
31,Yucatán,094,Tixmehuac,6207019036,Promedio de hijos nacidos vivos de las mujeres de 15 a 49 años EI2015,,,,,,,,,,,,,,,,,,,,,,,2.0587262,,,,Promedio
31,Yucatán,095,Tixpéhual,1002000013,Promedio de hijos nacidos vivos de las mujeres de 12 años y más,,,ND,,,,,2.48,,,,,2.3,,,,,2.19,,,,,,,,,Promedio
31,Yucatán,095,Tixpéhual,1002000026,Nacimientos,,116,105,94,101,100,81,76,89,96,106,66,75,88,87,101,75,84,73,61,81,73,94,73,81,66,Nacimientos
31,Yucatán,095,Tixpéhual,1002000027,Nacimientos hombres,,64,48,47,43,49,42,39,37,57,50,33,32,47,34,49,33,44,33,32,39,42,46,41,38,34,Nacimientos
31,Yucatán,095,Tixpéhual,1002000028,Nacimientos mujeres,,52,57,47,58,51,39,37,52,39,56,33,43,41,53,52,42,40,40,29,42,31,48,32,43,32,Nacimientos
31,Yucatán,095,Tixpéhual,1002000029,Nacimientos de sexo no especificado,,0,0,0,0,0,0,0,0,0,0,0,0,0,0,0,0,0,0,0,0,0,0,0,0,0,Nacimientos
31,Yucatán,095,Tixpéhual,6207019036,Promedio de hijos nacidos vivos de las mujeres de 15 a 49 años EI2015,,,,,,,,,,,,,,,,,,,,,,,1.3650472,,,,Promedio
31,Yucatán,096,Tizimín,1002000013,Promedio de hijos nacidos vivos de las mujeres de 12 años y más,,,ND,,,,,3.01,,,,,2.77,,,,,2.66,,,,,,,,,Promedio
31,Yucatán,096,Tizimín,1002000026,Nacimientos,,1896,1934,1808,1817,1849,1702,1848,1645,1684,1582,1406,1621,1631,1737,1828,1722,1774,1760,1455,1579,1563,1498,1520,1513,1539,Nacimientos
31,Yucatán,096,Tizimín,1002000027,Nacimientos hombres,,923,1013,930,926,979,826,936,826,845,816,714,829,807,880,926,850,904,880,720,831,806,740,755,777,798,Nacimientos
31,Yucatán,096,Tizimín,1002000028,Nacimientos mujeres,,973,921,878,891,870,876,912,819,839,766,692,792,824,857,902,872,870,880,735,748,757,758,765,736,741,Nacimientos
31,Yucatán,096,Tizimín,1002000029,Nacimientos de sexo no especificado,,0,0,0,0,0,0,0,0,0,0,0,0,0,0,0,0,0,0,0,0,0,0,0,0,0,Nacimientos
31,Yucatán,096,Tizimín,6207019036,Promedio de hijos nacidos vivos de las mujeres de 15 a 49 años EI2015,,,,,,,,,,,,,,,,,,,,,,,1.7880137,,,,Promedio
31,Yucatán,097,Tunkás,1002000013,Promedio de hijos nacidos vivos de las mujeres de 12 años y más,,,ND,,,,,3.2,,,,,2.95,,,,,3.08,,,,,,,,,Promedio
31,Yucatán,097,Tunkás,1002000026,Nacimientos,,99,97,85,87,78,72,83,77,94,78,83,80,92,75,91,80,94,97,69,70,65,70,79,76,64,Nacimientos
31,Yucatán,097,Tunkás,1002000027,Nacimientos hombres,,56,51,48,49,38,39,38,43,49,40,48,47,47,41,47,45,52,53,37,36,35,33,47,39,30,Nacimientos
31,Yucatán,097,Tunkás,1002000028,Nacimientos mujeres,,43,46,37,38,40,33,45,34,45,38,35,33,45,34,44,35,42,44,32,34,30,37,32,37,34,Nacimientos
31,Yucatán,097,Tunkás,1002000029,Nacimientos de sexo no especificado,,0,0,0,0,0,0,0,0,0,0,0,0,0,0,0,0,0,0,0,0,0,0,0,0,0,Nacimientos
31,Yucatán,097,Tunkás,6207019036,Promedio de hijos nacidos vivos de las mujeres de 15 a 49 años EI2015,,,,,,,,,,,,,,,,,,,,,,,1.8564593,,,,Promedio
31,Yucatán,098,Tzucacab,1002000013,Promedio de hijos nacidos vivos de las mujeres de 12 años y más,,,ND,,,,,3.26,,,,,2.99,,,,,2.88,,,,,,,,,Promedio
31,Yucatán,098,Tzucacab,1002000026,Nacimientos,,444,405,390,359,384,420,461,420,369,370,212,254,237,242,244,236,236,194,171,209,206,321,291,289,314,Nacimientos
31,Yucatán,098,Tzucacab,1002000027,Nacimientos hombres,,230,202,207,174,192,223,227,224,195,173,99,133,124,117,131,113,116,103,87,107,100,164,152,152,159,Nacimientos
31,Yucatán,098,Tzucacab,1002000028,Nacimientos mujeres,,214,203,183,185,192,197,234,196,174,197,113,121,113,125,113,123,120,91,84,102,106,157,139,137,155,Nacimientos
31,Yucatán,098,Tzucacab,1002000029,Nacimientos de sexo no especificado,,0,0,0,0,0,0,0,0,0,0,0,0,0,0,0,0,0,0,0,0,0,0,0,0,0,Nacimientos
31,Yucatán,098,Tzucacab,6207019036,Promedio de hijos nacidos vivos de las mujeres de 15 a 49 años EI2015,,,,,,,,,,,,,,,,,,,,,,,1.9583333,,,,Promedio
31,Yucatán,099,Uayma,1002000013,Promedio de hijos nacidos vivos de las mujeres de 12 años y más,,,ND,,,,,2.96,,,,,2.7,,,,,2.67,,,,,,,,,Promedio
31,Yucatán,099,Uayma,1002000026,Nacimientos,,88,74,73,77,81,76,90,82,95,92,75,103,76,79,99,89,84,65,85,73,64,80,57,57,92,Nacimientos
31,Yucatán,099,Uayma,1002000027,Nacimientos hombres,,49,37,42,43,48,35,48,48,52,47,44,51,37,36,54,42,43,35,48,32,28,39,21,24,52,Nacimientos
31,Yucatán,099,Uayma,1002000028,Nacimientos mujeres,,39,37,31,34,33,41,42,34,43,45,31,52,39,43,45,47,41,30,37,41,36,41,36,33,40,Nacimientos
31,Yucatán,099,Uayma,1002000029,Nacimientos de sexo no especificado,,0,0,0,0,0,0,0,0,0,0,0,0,0,0,0,0,0,0,0,0,0,0,0,0,0,Nacimientos
31,Yucatán,099,Uayma,6207019036,Promedio de hijos nacidos vivos de las mujeres de 15 a 49 años EI2015,,,,,,,,,,,,,,,,,,,,,,,1.9949495,,,,Promedio
31,Yucatán,100,Ucú,1002000013,Promedio de hijos nacidos vivos de las mujeres de 12 años y más,,,ND,,,,,2.75,,,,,2.44,,,,,2.28,,,,,,,,,Promedio
31,Yucatán,100,Ucú,1002000026,Nacimientos,,82,75,63,80,64,74,67,73,80,60,57,58,56,74,72,77,69,71,75,59,63,65,61,55,71,Nacimientos
31,Yucatán,100,Ucú,1002000027,Nacimientos hombres,,39,38,34,44,30,34,37,37,34,33,26,26,27,38,42,35,38,39,31,32,27,30,33,24,28,Nacimientos
31,Yucatán,100,Ucú,1002000028,Nacimientos mujeres,,43,37,29,36,34,40,30,36,46,27,31,32,29,36,30,42,31,32,44,27,36,35,28,31,43,Nacimientos
31,Yucatán,100,Ucú,1002000029,Nacimientos de sexo no especificado,,0,0,0,0,0,0,0,0,0,0,0,0,0,0,0,0,0,0,0,0,0,0,0,0,0,Nacimientos
31,Yucatán,100,Ucú,6207019036,Promedio de hijos nacidos vivos de las mujeres de 15 a 49 años EI2015,,,,,,,,,,,,,,,,,,,,,,,1.599005,,,,Promedio
31,Yucatán,101,Umán,1002000013,Promedio de hijos nacidos vivos de las mujeres de 12 años y más,,,ND,,,,,2.45,,,,,2.4,,,,,2.2,,,,,,,,,Promedio
31,Yucatán,101,Umán,1002000026,Nacimientos,,962,903,936,934,886,848,1004,877,957,952,663,927,904,945,1019,956,951,931,915,1029,1008,1006,986,1042,1071,Nacimientos
31,Yucatán,101,Umán,1002000027,Nacimientos hombres,,491,470,517,473,443,444,505,426,492,500,357,470,472,469,497,507,486,447,464,537,512,515,503,542,554,Nacimientos
31,Yucatán,101,Umán,1002000028,Nacimientos mujeres,,471,433,419,461,443,404,499,451,465,452,306,457,432,476,522,449,465,484,451,492,496,491,483,500,517,Nacimientos
31,Yucatán,101,Umán,1002000029,Nacimientos de sexo no especificado,,0,0,0,0,0,0,0,0,0,0,0,0,0,0,0,0,0,0,0,0,0,0,0,0,0,Nacimientos
31,Yucatán,101,Umán,6207019036,Promedio de hijos nacidos vivos de las mujeres de 15 a 49 años EI2015,,,,,,,,,,,,,,,,,,,,,,,1.5948215,,,,Promedio
31,Yucatán,102,Valladolid,1002000013,Promedio de hijos nacidos vivos de las mujeres de 12 años y más,,,ND,,,,,2.64,,,,,2.5,,,,,2.33,,,,,,,,,Promedio
31,Yucatán,102,Valladolid,1002000026,Nacimientos,,1857,1718,1766,1564,1652,1684,1751,1742,1774,1682,1643,1423,1718,1742,1917,1784,1782,1657,1561,1654,1628,1551,1535,1539,1569,Nacimientos
31,Yucatán,102,Valladolid,1002000027,Nacimientos hombres,,946,904,866,793,822,871,875,881,923,882,842,695,905,891,964,873,921,810,794,825,816,776,802,786,793,Nacimientos
31,Yucatán,102,Valladolid,1002000028,Nacimientos mujeres,,911,814,900,771,830,813,876,861,851,800,801,728,813,851,953,911,861,847,767,829,812,775,733,753,776,Nacimientos
31,Yucatán,102,Valladolid,1002000029,Nacimientos de sexo no especificado,,0,0,0,0,0,0,0,0,0,0,0,0,0,0,0,0,0,0,0,0,0,0,0,0,0,Nacimientos
31,Yucatán,102,Valladolid,6207019036,Promedio de hijos nacidos vivos de las mujeres de 15 a 49 años EI2015,,,,,,,,,,,,,,,,,,,,,,,1.6879847,,,,Promedio
31,Yucatán,103,Xocchel,1002000013,Promedio de hijos nacidos vivos de las mujeres de 12 años y más,,,ND,,,,,3.05,,,,,2.72,,,,,2.55,,,,,,,,,Promedio
31,Yucatán,103,Xocchel,1002000026,Nacimientos,,92,88,74,70,77,81,97,87,56,90,83,93,59,80,73,71,79,61,68,71,60,77,83,58,79,Nacimientos
31,Yucatán,103,Xocchel,1002000027,Nacimientos hombres,,55,50,41,33,38,37,50,46,30,47,38,44,30,35,40,42,43,31,34,37,31,40,51,37,35,Nacimientos
31,Yucatán,103,Xocchel,1002000028,Nacimientos mujeres,,37,38,33,37,39,44,47,41,26,43,45,49,29,45,33,29,36,30,34,34,29,37,32,21,44,Nacimientos
31,Yucatán,103,Xocchel,1002000029,Nacimientos de sexo no especificado,,0,0,0,0,0,0,0,0,0,0,0,0,0,0,0,0,0,0,0,0,0,0,0,0,0,Nacimientos
31,Yucatán,103,Xocchel,6207019036,Promedio de hijos nacidos vivos de las mujeres de 15 a 49 años EI2015,,,,,,,,,,,,,,,,,,,,,,,1.7399554,,,,Promedio
31,Yucatán,104,Yaxcabá,1002000013,Promedio de hijos nacidos vivos de las mujeres de 12 años y más,,,ND,,,,,3.46,,,,,3.19,,,,,3.14,,,,,,,,,Promedio
31,Yucatán,104,Yaxcabá,1002000026,Nacimientos,,406,394,387,401,401,381,441,376,341,356,378,332,362,330,344,438,372,345,342,374,354,315,326,319,340,Nacimientos
31,Yucatán,104,Yaxcabá,1002000027,Nacimientos hombres,,199,194,203,206,199,197,224,202,166,176,176,184,207,171,171,227,191,175,169,173,168,173,165,162,175,Nacimientos
31,Yucatán,104,Yaxcabá,1002000028,Nacimientos mujeres,,207,200,184,195,202,184,217,174,175,180,202,148,155,159,173,211,181,170,173,201,186,142,161,157,165,Nacimientos
31,Yucatán,104,Yaxcabá,1002000029,Nacimientos de sexo no especificado,,0,0,0,0,0,0,0,0,0,0,0,0,0,0,0,0,0,0,0,0,0,0,0,0,0,Nacimientos
31,Yucatán,104,Yaxcabá,6207019036,Promedio de hijos nacidos vivos de las mujeres de 15 a 49 años EI2015,,,,,,,,,,,,,,,,,,,,,,,2.1438413,,,,Promedio
31,Yucatán,105,Yaxkukul,1002000013,Promedio de hijos nacidos vivos de las mujeres de 12 años y más,,,ND,,,,,2.64,,,,,2.45,,,,,2.31,,,,,,,,,Promedio
31,Yucatán,105,Yaxkukul,1002000026,Nacimientos,,63,48,59,47,49,50,53,46,56,56,44,50,54,40,49,37,66,45,51,58,48,52,49,42,60,Nacimientos
31,Yucatán,105,Yaxkukul,1002000027,Nacimientos hombres,,34,24,33,21,27,28,21,20,32,29,19,22,26,20,28,18,29,17,30,32,32,18,23,21,32,Nacimientos
31,Yucatán,105,Yaxkukul,1002000028,Nacimientos mujeres,,29,24,26,26,22,22,32,26,24,27,25,28,28,20,21,19,37,28,21,26,16,34,26,21,28,Nacimientos
31,Yucatán,105,Yaxkukul,1002000029,Nacimientos de sexo no especificado,,0,0,0,0,0,0,0,0,0,0,0,0,0,0,0,0,0,0,0,0,0,0,0,0,0,Nacimientos
31,Yucatán,105,Yaxkukul,6207019036,Promedio de hijos nacidos vivos de las mujeres de 15 a 49 años EI2015,,,,,,,,,,,,,,,,,,,,,,,1.5232558,,,,Promedio
31,Yucatán,106,Yobaín,1002000013,Promedio de hijos nacidos vivos de las mujeres de 12 años y más,,,ND,,,,,3.09,,,,,2.87,,,,,2.79,,,,,,,,,Promedio
31,Yucatán,106,Yobaín,1002000026,Nacimientos,,57,66,65,51,52,37,56,32,38,54,41,41,48,41,38,37,39,49,41,47,35,44,27,39,23,Nacimientos
31,Yucatán,106,Yobaín,1002000027,Nacimientos hombres,,27,27,32,29,16,16,36,12,22,22,17,17,18,23,24,17,22,27,15,22,17,21,13,16,14,Nacimientos
31,Yucatán,106,Yobaín,1002000028,Nacimientos mujeres,,30,39,33,22,36,21,20,20,16,32,24,24,30,18,14,20,17,22,26,25,18,23,14,23,9,Nacimientos
31,Yucatán,106,Yobaín,1002000029,Nacimientos de sexo no especificado,,0,0,0,0,0,0,0,0,0,0,0,0,0,0,0,0,0,0,0,0,0,0,0,0,0,Nacimientos
31,Yucatán,106,Yobaín,6207019036,Promedio de hijos nacidos vivos de las mujeres de 15 a 49 años EI2015,,,,,,,,,,,,,,,,,,,,,,,1.673546,,,,Promedio
31,Yucatán,996,No especificado,1002000026,Nacimientos,,1,2,4,0,1,0,4,0,0,2,1,0,2,0,3,7,0,0,1,0,1,3,11,3,3,Nacimientos
31,Yucatán,996,No especificado,1002000027,Nacimientos hombres,,1,1,3,0,1,0,1,0,0,2,0,0,1,0,2,4,0,0,1,0,1,3,10,1,2,Nacimientos
31,Yucatán,996,No especificado,1002000028,Nacimientos mujeres,,0,1,1,0,0,0,3,0,0,0,1,0,1,0,1,3,0,0,0,0,0,0,1,2,1,Nacimientos
31,Yucatán,996,No especificado,1002000029,Nacimientos de sexo no especificado,,0,0,0,0,0,0,0,0,0,0,0,0,0,0,0,0,0,0,0,0,0,0,0,0,0,Nacimientos
